file,line,type,commit,author,date,time,timezone,datetime,depth,length
style.css,1,css,305162fc,mkalsi13,2025-10-10,22:27:35,-07:00,2025-10-10T22:27:35-07:00,0,36
style.css,2,css,bbf03db7,mkalsi13,2025-10-17,23:03:31,-07:00,2025-10-17T23:03:31-07:00,0,95
style.css,3,css,305162fc,mkalsi13,2025-10-10,22:27:35,-07:00,2025-10-10T22:27:35-07:00,0,22
style.css,4,css,305162fc,mkalsi13,2025-10-10,22:27:35,-07:00,2025-10-10T22:27:35-07:00,0,27
style.css,5,css,bbf03db7,mkalsi13,2025-10-17,23:03:31,-07:00,2025-10-17T23:03:31-07:00,0,3
style.css,6,css,bbf03db7,mkalsi13,2025-10-17,23:03:31,-07:00,2025-10-17T23:03:31-07:00,1,22
style.css,7,css,bbf03db7,mkalsi13,2025-10-17,23:03:31,-07:00,2025-10-17T23:03:31-07:00,1,14
style.css,8,css,bbf03db7,mkalsi13,2025-10-17,23:03:31,-07:00,2025-10-17T23:03:31-07:00,1,38
style.css,9,css,bbf03db7,mkalsi13,2025-10-17,23:03:31,-07:00,2025-10-17T23:03:31-07:00,1,13
style.css,10,css,bbf03db7,mkalsi13,2025-10-17,23:03:31,-07:00,2025-10-17T23:03:31-07:00,1,16
style.css,11,css,bbf03db7,mkalsi13,2025-10-17,23:03:31,-07:00,2025-10-17T23:03:31-07:00,1,15
style.css,12,css,bbf03db7,mkalsi13,2025-10-17,23:03:31,-07:00,2025-10-17T23:03:31-07:00,0,0
style.css,13,css,305162fc,mkalsi13,2025-10-10,22:27:35,-07:00,2025-10-10T22:27:35-07:00,0,44
style.css,14,css,bbf03db7,mkalsi13,2025-10-17,23:03:31,-07:00,2025-10-17T23:03:31-07:00,0,0
style.css,15,css,bbf03db7,mkalsi13,2025-10-17,23:03:31,-07:00,2025-10-17T23:03:31-07:00,0,53
style.css,16,css,bbf03db7,mkalsi13,2025-10-17,23:03:31,-07:00,2025-10-17T23:03:31-07:00,0,84
style.css,17,css,bbf03db7,mkalsi13,2025-10-17,23:03:31,-07:00,2025-10-17T23:03:31-07:00,0,73
style.css,18,css,bbf03db7,mkalsi13,2025-10-17,23:03:31,-07:00,2025-10-17T23:03:31-07:00,0,8
style.css,19,css,bbf03db7,mkalsi13,2025-10-17,23:03:31,-07:00,2025-10-17T23:03:31-07:00,1,32
style.css,20,css,bbf03db7,mkalsi13,2025-10-17,23:03:31,-07:00,2025-10-17T23:03:31-07:00,1,24
style.css,21,css,bbf03db7,mkalsi13,2025-10-17,23:03:31,-07:00,2025-10-17T23:03:31-07:00,1,42
style.css,22,css,bbf03db7,mkalsi13,2025-10-17,23:03:31,-07:00,2025-10-17T23:03:31-07:00,1,15
style.css,23,css,bbf03db7,mkalsi13,2025-10-17,23:03:31,-07:00,2025-10-17T23:03:31-07:00,0,0
style.css,24,css,305162fc,mkalsi13,2025-10-10,22:27:35,-07:00,2025-10-10T22:27:35-07:00,0,123
style.css,25,css,bbf03db7,mkalsi13,2025-10-17,23:03:31,-07:00,2025-10-17T23:03:31-07:00,0,83
style.css,26,css,bbf03db7,mkalsi13,2025-10-17,23:03:31,-07:00,2025-10-17T23:03:31-07:00,0,125
style.css,27,css,bbf03db7,mkalsi13,2025-10-17,23:03:31,-07:00,2025-10-17T23:03:31-07:00,0,0
style.css,28,css,305162fc,mkalsi13,2025-10-10,22:27:35,-07:00,2025-10-10T22:27:35-07:00,0,18
style.css,29,css,305162fc,mkalsi13,2025-10-10,22:27:35,-07:00,2025-10-10T22:27:35-07:00,0,23
style.css,30,css,305162fc,mkalsi13,2025-10-10,22:27:35,-07:00,2025-10-10T22:27:35-07:00,0,20
style.css,31,css,305162fc,mkalsi13,2025-10-10,22:27:35,-07:00,2025-10-10T22:27:35-07:00,0,135
style.css,32,css,305162fc,mkalsi13,2025-10-10,22:27:35,-07:00,2025-10-10T22:27:35-07:00,0,46
style.css,33,css,305162fc,mkalsi13,2025-10-10,22:27:35,-07:00,2025-10-10T22:27:35-07:00,0,34
style.css,34,css,305162fc,mkalsi13,2025-10-10,22:27:35,-07:00,2025-10-10T22:27:35-07:00,0,34
style.css,35,css,305162fc,mkalsi13,2025-10-10,22:27:35,-07:00,2025-10-10T22:27:35-07:00,0,22
style.css,36,css,bbf03db7,mkalsi13,2025-10-17,23:03:31,-07:00,2025-10-17T23:03:31-07:00,0,0
style.css,37,css,bbf03db7,mkalsi13,2025-10-17,23:03:31,-07:00,2025-10-17T23:03:31-07:00,0,31
style.css,38,css,bbf03db7,mkalsi13,2025-10-17,23:03:31,-07:00,2025-10-17T23:03:31-07:00,0,57
style.css,39,css,bbf03db7,mkalsi13,2025-10-17,23:03:31,-07:00,2025-10-17T23:03:31-07:00,0,20
style.css,40,css,bbf03db7,mkalsi13,2025-10-17,23:03:31,-07:00,2025-10-17T23:03:31-07:00,1,16
style.css,41,css,bbf03db7,mkalsi13,2025-10-17,23:03:31,-07:00,2025-10-17T23:03:31-07:00,1,63
style.css,42,css,bbf03db7,mkalsi13,2025-10-17,23:03:31,-07:00,2025-10-17T23:03:31-07:00,1,18
style.css,43,css,bbf03db7,mkalsi13,2025-10-17,23:03:31,-07:00,2025-10-17T23:03:31-07:00,0,0
style.css,44,css,305162fc,mkalsi13,2025-10-10,22:27:35,-07:00,2025-10-10T22:27:35-07:00,0,55
style.css,45,css,305162fc,mkalsi13,2025-10-10,22:27:35,-07:00,2025-10-10T22:27:35-07:00,0,96
style.css,46,css,bbf03db7,mkalsi13,2025-10-17,23:03:31,-07:00,2025-10-17T23:03:31-07:00,0,102
style.css,47,css,bbf03db7,mkalsi13,2025-10-17,23:03:31,-07:00,2025-10-17T23:03:31-07:00,0,10
style.css,48,css,bbf03db7,mkalsi13,2025-10-17,23:03:31,-07:00,2025-10-17T23:03:31-07:00,1,54
style.css,49,css,bbf03db7,mkalsi13,2025-10-17,23:03:31,-07:00,2025-10-17T23:03:31-07:00,1,99
style.css,50,css,bbf03db7,mkalsi13,2025-10-17,23:03:31,-07:00,2025-10-17T23:03:31-07:00,0,0
style.css,51,css,bbf03db7,mkalsi13,2025-10-17,23:03:31,-07:00,2025-10-17T23:03:31-07:00,0,0
style.css,52,css,bbf03db7,mkalsi13,2025-10-17,23:03:31,-07:00,2025-10-17T23:03:31-07:00,0,32
style.css,53,css,305162fc,mkalsi13,2025-10-10,22:27:35,-07:00,2025-10-10T22:27:35-07:00,0,8
style.css,54,css,305162fc,mkalsi13,2025-10-10,22:27:35,-07:00,2025-10-10T22:27:35-07:00,1,11
style.css,55,css,305162fc,mkalsi13,2025-10-10,22:27:35,-07:00,2025-10-10T22:27:35-07:00,1,55
style.css,56,css,305162fc,mkalsi13,2025-10-10,22:27:35,-07:00,2025-10-10T22:27:35-07:00,1,6
style.css,57,css,305162fc,mkalsi13,2025-10-10,22:27:35,-07:00,2025-10-10T22:27:35-07:00,1,16
style.css,58,css,305162fc,mkalsi13,2025-10-10,22:27:35,-07:00,2025-10-10T22:27:35-07:00,0,0
style.css,59,css,305162fc,mkalsi13,2025-10-10,22:27:35,-07:00,2025-10-10T22:27:35-07:00,0,16
style.css,60,css,bbf03db7,mkalsi13,2025-10-17,23:03:31,-07:00,2025-10-17T23:03:31-07:00,1,42
style.css,61,css,bbf03db7,mkalsi13,2025-10-17,23:03:31,-07:00,2025-10-17T23:03:31-07:00,1,78
style.css,62,css,bbf03db7,mkalsi13,2025-10-17,23:03:31,-07:00,2025-10-17T23:03:31-07:00,1,35
style.css,63,css,305162fc,mkalsi13,2025-10-10,22:27:35,-07:00,2025-10-10T22:27:35-07:00,0,0
style.css,64,css,305162fc,mkalsi13,2025-10-10,22:27:35,-07:00,2025-10-10T22:27:35-07:00,0,29
style.css,65,css,305162fc,mkalsi13,2025-10-10,22:27:35,-07:00,2025-10-10T22:27:35-07:00,0,28
style.css,66,css,305162fc,mkalsi13,2025-10-10,22:27:35,-07:00,2025-10-10T22:27:35-07:00,0,41
style.css,67,css,bbf03db7,mkalsi13,2025-10-17,23:03:31,-07:00,2025-10-17T23:03:31-07:00,0,0
style.css,68,css,bbf03db7,mkalsi13,2025-10-17,23:03:31,-07:00,2025-10-17T23:03:31-07:00,0,18
style.css,69,css,bbf03db7,mkalsi13,2025-10-17,23:03:31,-07:00,2025-10-17T23:03:31-07:00,0,64
style.css,70,css,bbf03db7,mkalsi13,2025-10-17,23:03:31,-07:00,2025-10-17T23:03:31-07:00,0,32
style.css,71,css,2fcd4a99,mkalsi13,2025-10-24,22:26:18,-07:00,2025-10-24T22:26:18-07:00,0,21
style.css,72,css,2fcd4a99,mkalsi13,2025-10-24,22:26:18,-07:00,2025-10-24T22:26:18-07:00,0,8
style.css,73,css,2fcd4a99,mkalsi13,2025-10-24,22:26:18,-07:00,2025-10-24T22:26:18-07:00,1,12
style.css,74,css,2fcd4a99,mkalsi13,2025-10-24,22:26:18,-07:00,2025-10-24T22:26:18-07:00,1,36
style.css,75,css,2fcd4a99,mkalsi13,2025-10-24,22:26:18,-07:00,2025-10-24T22:26:18-07:00,1,15
style.css,76,css,2fcd4a99,mkalsi13,2025-10-24,22:26:18,-07:00,2025-10-24T22:26:18-07:00,1,20
style.css,77,css,2fcd4a99,mkalsi13,2025-10-24,22:26:18,-07:00,2025-10-24T22:26:18-07:00,0,0
style.css,78,css,2fcd4a99,mkalsi13,2025-10-24,22:26:18,-07:00,2025-10-24T22:26:18-07:00,0,0
style.css,79,css,2fcd4a99,mkalsi13,2025-10-24,22:26:18,-07:00,2025-10-24T22:26:18-07:00,0,11
style.css,80,css,2fcd4a99,mkalsi13,2025-10-24,22:26:18,-07:00,2025-10-24T22:26:18-07:00,1,10
style.css,81,css,2fcd4a99,mkalsi13,2025-10-24,22:26:18,-07:00,2025-10-24T22:26:18-07:00,1,15
style.css,82,css,2fcd4a99,mkalsi13,2025-10-24,22:26:18,-07:00,2025-10-24T22:26:18-07:00,0,0
style.css,83,css,2fcd4a99,mkalsi13,2025-10-24,22:26:18,-07:00,2025-10-24T22:26:18-07:00,0,0
style.css,84,css,2fcd4a99,mkalsi13,2025-10-24,22:26:18,-07:00,2025-10-24T22:26:18-07:00,0,11
style.css,85,css,2fcd4a99,mkalsi13,2025-10-24,22:26:18,-07:00,2025-10-24T22:26:18-07:00,1,10
style.css,86,css,2fcd4a99,mkalsi13,2025-10-24,22:26:18,-07:00,2025-10-24T22:26:18-07:00,1,8
style.css,87,css,2fcd4a99,mkalsi13,2025-10-24,22:26:18,-07:00,2025-10-24T22:26:18-07:00,0,0
style.css,88,css,2fcd4a99,mkalsi13,2025-10-24,22:26:18,-07:00,2025-10-24T22:26:18-07:00,0,0
style.css,89,css,2fcd4a99,mkalsi13,2025-10-24,22:26:18,-07:00,2025-10-24T22:26:18-07:00,0,14
style.css,90,css,2fcd4a99,mkalsi13,2025-10-24,22:26:18,-07:00,2025-10-24T22:26:18-07:00,1,17
style.css,91,css,2fcd4a99,mkalsi13,2025-10-24,22:26:18,-07:00,2025-10-24T22:26:18-07:00,1,15
style.css,92,css,2fcd4a99,mkalsi13,2025-10-24,22:26:18,-07:00,2025-10-24T22:26:18-07:00,1,64
style.css,93,css,2fcd4a99,mkalsi13,2025-10-24,22:26:18,-07:00,2025-10-24T22:26:18-07:00,1,20
style.css,94,css,2fcd4a99,mkalsi13,2025-10-24,22:26:18,-07:00,2025-10-24T22:26:18-07:00,0,0
style.css,95,css,f37d20fd,mkalsi13,2025-10-31,19:36:38,-07:00,2025-10-31T19:36:38-07:00,0,0
style.css,96,css,f37d20fd,mkalsi13,2025-10-31,19:36:38,-07:00,2025-10-31T19:36:38-07:00,0,21
style.css,97,css,f37d20fd,mkalsi13,2025-10-31,19:36:38,-07:00,2025-10-31T19:36:38-07:00,0,9
style.css,98,css,f37d20fd,mkalsi13,2025-10-31,19:36:38,-07:00,2025-10-31T19:36:38-07:00,1,12
style.css,99,css,f37d20fd,mkalsi13,2025-10-31,19:36:38,-07:00,2025-10-31T19:36:38-07:00,1,22
style.css,100,css,f37d20fd,mkalsi13,2025-10-31,19:36:38,-07:00,2025-10-31T19:36:38-07:00,1,8
style.css,101,css,f37d20fd,mkalsi13,2025-10-31,19:36:38,-07:00,2025-10-31T19:36:38-07:00,1,24
style.css,102,css,f37d20fd,mkalsi13,2025-10-31,19:36:38,-07:00,2025-10-31T19:36:38-07:00,0,0
style.css,103,css,f37d20fd,mkalsi13,2025-10-31,19:36:38,-07:00,2025-10-31T19:36:38-07:00,0,0
style.css,104,css,f37d20fd,mkalsi13,2025-10-31,19:36:38,-07:00,2025-10-31T19:36:38-07:00,0,32
style.css,105,css,f37d20fd,mkalsi13,2025-10-31,19:36:38,-07:00,2025-10-31T19:36:38-07:00,0,18
style.css,106,css,f37d20fd,mkalsi13,2025-10-31,19:36:38,-07:00,2025-10-31T19:36:38-07:00,1,14
style.css,107,css,f37d20fd,mkalsi13,2025-10-31,19:36:38,-07:00,2025-10-31T19:36:38-07:00,1,19
style.css,108,css,f37d20fd,mkalsi13,2025-10-31,19:36:38,-07:00,2025-10-31T19:36:38-07:00,1,16
style.css,109,css,f37d20fd,mkalsi13,2025-10-31,19:36:38,-07:00,2025-10-31T19:36:38-07:00,0,0
style.css,110,css,f37d20fd,mkalsi13,2025-10-31,19:36:38,-07:00,2025-10-31T19:36:38-07:00,0,0
style.css,111,css,f37d20fd,mkalsi13,2025-10-31,19:36:38,-07:00,2025-10-31T19:36:38-07:00,0,18
style.css,112,css,f37d20fd,mkalsi13,2025-10-31,19:36:38,-07:00,2025-10-31T19:36:38-07:00,0,7
style.css,113,css,f37d20fd,mkalsi13,2025-10-31,19:36:38,-07:00,2025-10-31T19:36:38-07:00,1,15
style.css,114,css,f37d20fd,mkalsi13,2025-10-31,19:36:38,-07:00,2025-10-31T19:36:38-07:00,1,14
style.css,115,css,f37d20fd,mkalsi13,2025-10-31,19:36:38,-07:00,2025-10-31T19:36:38-07:00,1,8
style.css,116,css,f37d20fd,mkalsi13,2025-10-31,19:36:38,-07:00,2025-10-31T19:36:38-07:00,1,64
style.css,117,css,f37d20fd,mkalsi13,2025-10-31,19:36:38,-07:00,2025-10-31T19:36:38-07:00,1,19
style.css,118,css,f37d20fd,mkalsi13,2025-10-31,19:36:38,-07:00,2025-10-31T19:36:38-07:00,0,0
style.css,119,css,f37d20fd,mkalsi13,2025-10-31,19:36:38,-07:00,2025-10-31T19:36:38-07:00,1,12
style.css,120,css,f37d20fd,mkalsi13,2025-10-31,19:36:38,-07:00,2025-10-31T19:36:38-07:00,1,57
style.css,121,css,f37d20fd,mkalsi13,2025-10-31,19:36:38,-07:00,2025-10-31T19:36:38-07:00,1,15
style.css,122,css,f37d20fd,mkalsi13,2025-10-31,19:36:38,-07:00,2025-10-31T19:36:38-07:00,1,49
style.css,123,css,f37d20fd,mkalsi13,2025-10-31,19:36:38,-07:00,2025-10-31T19:36:38-07:00,0,0
style.css,124,css,f37d20fd,mkalsi13,2025-10-31,19:36:38,-07:00,2025-10-31T19:36:38-07:00,0,0
style.css,125,css,f37d20fd,mkalsi13,2025-10-31,19:36:38,-07:00,2025-10-31T19:36:38-07:00,0,10
style.css,126,css,f37d20fd,mkalsi13,2025-10-31,19:36:38,-07:00,2025-10-31T19:36:38-07:00,1,12
style.css,127,css,f37d20fd,mkalsi13,2025-10-31,19:36:38,-07:00,2025-10-31T19:36:38-07:00,1,18
style.css,128,css,f37d20fd,mkalsi13,2025-10-31,19:36:38,-07:00,2025-10-31T19:36:38-07:00,1,9
style.css,129,css,f37d20fd,mkalsi13,2025-10-31,19:36:38,-07:00,2025-10-31T19:36:38-07:00,1,20
style.css,130,css,f37d20fd,mkalsi13,2025-10-31,19:36:38,-07:00,2025-10-31T19:36:38-07:00,1,21
style.css,131,css,f37d20fd,mkalsi13,2025-10-31,19:36:38,-07:00,2025-10-31T19:36:38-07:00,1,59
style.css,132,css,f37d20fd,mkalsi13,2025-10-31,19:36:38,-07:00,2025-10-31T19:36:38-07:00,1,48
style.css,133,css,f37d20fd,mkalsi13,2025-10-31,19:36:38,-07:00,2025-10-31T19:36:38-07:00,1,29
style.css,134,css,f37d20fd,mkalsi13,2025-10-31,19:36:38,-07:00,2025-10-31T19:36:38-07:00,1,14
style.css,135,css,f37d20fd,mkalsi13,2025-10-31,19:36:38,-07:00,2025-10-31T19:36:38-07:00,0,0
style.css,136,css,f37d20fd,mkalsi13,2025-10-31,19:36:38,-07:00,2025-10-31T19:36:38-07:00,0,0
style.css,137,css,f37d20fd,mkalsi13,2025-10-31,19:36:38,-07:00,2025-10-31T19:36:38-07:00,0,18
style.css,138,css,f37d20fd,mkalsi13,2025-10-31,19:36:38,-07:00,2025-10-31T19:36:38-07:00,1,9
style.css,139,css,f37d20fd,mkalsi13,2025-10-31,19:36:38,-07:00,2025-10-31T19:36:38-07:00,1,18
style.css,140,css,f37d20fd,mkalsi13,2025-10-31,19:36:38,-07:00,2025-10-31T19:36:38-07:00,1,19
style.css,141,css,f37d20fd,mkalsi13,2025-10-31,19:36:38,-07:00,2025-10-31T19:36:38-07:00,1,20
style.css,142,css,f37d20fd,mkalsi13,2025-10-31,19:36:38,-07:00,2025-10-31T19:36:38-07:00,1,23
style.css,143,css,f37d20fd,mkalsi13,2025-10-31,19:36:38,-07:00,2025-10-31T19:36:38-07:00,0,0
style.css,144,css,f37d20fd,mkalsi13,2025-10-31,19:36:38,-07:00,2025-10-31T19:36:38-07:00,0,0
style.css,145,css,f37d20fd,mkalsi13,2025-10-31,19:36:38,-07:00,2025-10-31T19:36:38-07:00,0,16
style.css,146,css,f37d20fd,mkalsi13,2025-10-31,19:36:38,-07:00,2025-10-31T19:36:38-07:00,1,63
style.css,147,css,f37d20fd,mkalsi13,2025-10-31,19:36:38,-07:00,2025-10-31T19:36:38-07:00,0,0
style.css,148,css,f37d20fd,mkalsi13,2025-10-31,19:36:38,-07:00,2025-10-31T19:36:38-07:00,0,0
style.css,149,css,f37d20fd,mkalsi13,2025-10-31,19:36:38,-07:00,2025-10-31T19:36:38-07:00,0,35
style.css,150,css,f37d20fd,mkalsi13,2025-10-31,19:36:38,-07:00,2025-10-31T19:36:38-07:00,0,51
style.css,151,css,f37d20fd,mkalsi13,2025-10-31,19:36:38,-07:00,2025-10-31T19:36:38-07:00,1,11
style.css,152,css,f37d20fd,mkalsi13,2025-10-31,19:36:38,-07:00,2025-10-31T19:36:38-07:00,0,0
style.css,153,css,f37d20fd,mkalsi13,2025-10-31,19:36:38,-07:00,2025-10-31T19:36:38-07:00,0,0
style.css,154,css,f37d20fd,mkalsi13,2025-10-31,19:36:38,-07:00,2025-10-31T19:36:38-07:00,0,23
style.css,155,css,f37d20fd,mkalsi13,2025-10-31,19:36:38,-07:00,2025-10-31T19:36:38-07:00,1,14
style.css,156,css,f37d20fd,mkalsi13,2025-10-31,19:36:38,-07:00,2025-10-31T19:36:38-07:00,1,16
style.css,157,css,f37d20fd,mkalsi13,2025-10-31,19:36:38,-07:00,2025-10-31T19:36:38-07:00,0,0
style.css,158,css,f37d20fd,mkalsi13,2025-10-31,19:36:38,-07:00,2025-10-31T19:36:38-07:00,0,0
style.css,159,css,f37d20fd,mkalsi13,2025-10-31,19:36:38,-07:00,2025-10-31T19:36:38-07:00,0,32
style.css,160,css,f37d20fd,mkalsi13,2025-10-31,19:36:38,-07:00,2025-10-31T19:36:38-07:00,0,9
style.css,161,css,f37d20fd,mkalsi13,2025-10-31,19:36:38,-07:00,2025-10-31T19:36:38-07:00,1,58
style.css,162,css,f37d20fd,mkalsi13,2025-10-31,19:36:38,-07:00,2025-10-31T19:36:38-07:00,0,0
style.css,163,css,f37d20fd,mkalsi13,2025-10-31,19:36:38,-07:00,2025-10-31T19:36:38-07:00,0,54
style.css,164,css,f37d20fd,mkalsi13,2025-10-31,19:36:38,-07:00,2025-10-31T19:36:38-07:00,0,19
style.css,165,css,f37d20fd,mkalsi13,2025-10-31,19:36:38,-07:00,2025-10-31T19:36:38-07:00,1,26
style.css,166,css,f37d20fd,mkalsi13,2025-10-31,19:36:38,-07:00,2025-10-31T19:36:38-07:00,1,60
style.css,167,css,f37d20fd,mkalsi13,2025-10-31,19:36:38,-07:00,2025-10-31T19:36:38-07:00,0,0
style.css,168,css,f37d20fd,mkalsi13,2025-10-31,19:36:38,-07:00,2025-10-31T19:36:38-07:00,0,0
style.css,169,css,f37d20fd,mkalsi13,2025-10-31,19:36:38,-07:00,2025-10-31T19:36:38-07:00,0,26
style.css,170,css,f37d20fd,mkalsi13,2025-10-31,19:36:38,-07:00,2025-10-31T19:36:38-07:00,0,18
style.css,171,css,f37d20fd,mkalsi13,2025-10-31,19:36:38,-07:00,2025-10-31T19:36:38-07:00,1,17
style.css,172,css,f37d20fd,mkalsi13,2025-10-31,19:36:38,-07:00,2025-10-31T19:36:38-07:00,0,0
style.css,173,css,f37d20fd,mkalsi13,2025-10-31,19:36:38,-07:00,2025-10-31T19:36:38-07:00,0,10
style.css,174,css,f37d20fd,mkalsi13,2025-10-31,19:36:38,-07:00,2025-10-31T19:36:38-07:00,1,22
style.css,175,css,f37d20fd,mkalsi13,2025-10-31,19:36:38,-07:00,2025-10-31T19:36:38-07:00,1,20
style.css,176,css,f37d20fd,mkalsi13,2025-10-31,19:36:38,-07:00,2025-10-31T19:36:38-07:00,1,19
style.css,177,css,f37d20fd,mkalsi13,2025-10-31,19:36:38,-07:00,2025-10-31T19:36:38-07:00,1,64
style.css,178,css,f37d20fd,mkalsi13,2025-10-31,19:36:38,-07:00,2025-10-31T19:36:38-07:00,1,17
style.css,179,css,f37d20fd,mkalsi13,2025-10-31,19:36:38,-07:00,2025-10-31T19:36:38-07:00,1,16
style.css,180,css,f37d20fd,mkalsi13,2025-10-31,19:36:38,-07:00,2025-10-31T19:36:38-07:00,0,0
style.css,181,css,f37d20fd,mkalsi13,2025-10-31,19:36:38,-07:00,2025-10-31T19:36:38-07:00,0,0
style.css,182,css,f37d20fd,mkalsi13,2025-10-31,19:36:38,-07:00,2025-10-31T19:36:38-07:00,0,26
style.css,183,css,f37d20fd,mkalsi13,2025-10-31,19:36:38,-07:00,2025-10-31T19:36:38-07:00,0,43
style.css,184,css,f37d20fd,mkalsi13,2025-10-31,19:36:38,-07:00,2025-10-31T19:36:38-07:00,0,13
style.css,185,css,f37d20fd,mkalsi13,2025-10-31,19:36:38,-07:00,2025-10-31T19:36:38-07:00,1,20
style.css,186,css,f37d20fd,mkalsi13,2025-10-31,19:36:38,-07:00,2025-10-31T19:36:38-07:00,1,58
style.css,187,css,f37d20fd,mkalsi13,2025-10-31,19:36:38,-07:00,2025-10-31T19:36:38-07:00,1,34
style.css,188,css,f37d20fd,mkalsi13,2025-10-31,19:36:38,-07:00,2025-10-31T19:36:38-07:00,1,8
style.css,189,css,f37d20fd,mkalsi13,2025-10-31,19:36:38,-07:00,2025-10-31T19:36:38-07:00,1,15
style.css,190,css,f37d20fd,mkalsi13,2025-10-31,19:36:38,-07:00,2025-10-31T19:36:38-07:00,0,0
style.css,191,css,00000000,Not Committed Yet,2025-11-07,18:41:09,-08:00,2025-11-07T18:41:09-08:00,0,29
style.css,192,css,00000000,Not Committed Yet,2025-11-07,18:41:09,-08:00,2025-11-07T18:41:09-08:00,0,83
style.css,193,css,00000000,Not Committed Yet,2025-11-07,18:41:09,-08:00,2025-11-07T18:41:09-08:00,0,20
style.css,194,css,00000000,Not Committed Yet,2025-11-07,18:41:09,-08:00,2025-11-07T18:41:09-08:00,0,313
style.css,195,css,00000000,Not Committed Yet,2025-11-07,18:41:09,-08:00,2025-11-07T18:41:09-08:00,0,44
style.css,196,css,00000000,Not Committed Yet,2025-11-07,18:41:09,-08:00,2025-11-07T18:41:09-08:00,0,68
style.css,197,css,00000000,Not Committed Yet,2025-11-07,18:41:09,-08:00,2025-11-07T18:41:09-08:00,0,0
style.css,198,css,00000000,Not Committed Yet,2025-11-07,18:41:09,-08:00,2025-11-07T18:41:09-08:00,0,26
style.css,199,css,00000000,Not Committed Yet,2025-11-07,18:41:09,-08:00,2025-11-07T18:41:09-08:00,0,76
style.css,200,css,00000000,Not Committed Yet,2025-11-07,18:41:09,-08:00,2025-11-07T18:41:09-08:00,0,39
style.css,201,css,00000000,Not Committed Yet,2025-11-07,18:41:09,-08:00,2025-11-07T18:41:09-08:00,0,0
style.css,202,css,00000000,Not Committed Yet,2025-11-07,18:41:09,-08:00,2025-11-07T18:41:09-08:00,0,13
style.css,203,css,00000000,Not Committed Yet,2025-11-07,18:41:09,-08:00,2025-11-07T18:41:09-08:00,0,88
style.css,204,css,00000000,Not Committed Yet,2025-11-07,18:41:09,-08:00,2025-11-07T18:41:09-08:00,0,27
style.css,205,css,00000000,Not Committed Yet,2025-11-07,18:41:09,-08:00,2025-11-07T18:41:09-08:00,0,0
style.css,206,css,00000000,Not Committed Yet,2025-11-07,18:41:09,-08:00,2025-11-07T18:41:09-08:00,0,12
style.css,207,css,00000000,Not Committed Yet,2025-11-07,18:41:09,-08:00,2025-11-07T18:41:09-08:00,0,120
style.css,208,css,00000000,Not Committed Yet,2025-11-07,18:41:09,-08:00,2025-11-07T18:41:09-08:00,0,48
style.css,209,css,00000000,Not Committed Yet,2025-11-07,18:41:09,-08:00,2025-11-07T18:41:09-08:00,0,34
index.js,1,js,2fcd4a99,mkalsi13,2025-10-24,22:26:18,-07:00,2025-10-24T22:26:18-07:00,0,71
index.js,2,js,2fcd4a99,mkalsi13,2025-10-24,22:26:18,-07:00,2025-10-24T22:26:18-07:00,0,0
index.js,3,js,2fcd4a99,mkalsi13,2025-10-24,22:26:18,-07:00,2025-10-24T22:26:18-07:00,0,18
index.js,4,js,2fcd4a99,mkalsi13,2025-10-24,22:26:18,-07:00,2025-10-24T22:26:18-07:00,0,57
index.js,5,js,2fcd4a99,mkalsi13,2025-10-24,22:26:18,-07:00,2025-10-24T22:26:18-07:00,0,71
index.js,6,js,2fcd4a99,mkalsi13,2025-10-24,22:26:18,-07:00,2025-10-24T22:26:18-07:00,0,55
index.js,7,js,2fcd4a99,mkalsi13,2025-10-24,22:26:18,-07:00,2025-10-24T22:26:18-07:00,0,17
index.js,8,js,2fcd4a99,mkalsi13,2025-10-24,22:26:18,-07:00,2025-10-24T22:26:18-07:00,1,41
index.js,9,js,2fcd4a99,mkalsi13,2025-10-24,22:26:18,-07:00,2025-10-24T22:26:18-07:00,0,0
index.js,10,js,2fcd4a99,mkalsi13,2025-10-24,22:26:18,-07:00,2025-10-24T22:26:18-07:00,0,0
index.js,11,js,2fcd4a99,mkalsi13,2025-10-24,22:26:18,-07:00,2025-10-24T22:26:18-07:00,0,21
index.js,12,js,2fcd4a99,mkalsi13,2025-10-24,22:26:18,-07:00,2025-10-24T22:26:18-07:00,0,60
index.js,13,js,2fcd4a99,mkalsi13,2025-10-24,22:26:18,-07:00,2025-10-24T22:26:18-07:00,0,3
index.js,14,js,2fcd4a99,mkalsi13,2025-10-24,22:26:18,-07:00,2025-10-24T22:26:18-07:00,1,51
index.js,15,js,2fcd4a99,mkalsi13,2025-10-24,22:26:18,-07:00,2025-10-24T22:26:18-07:00,1,31
index.js,16,js,2fcd4a99,mkalsi13,2025-10-24,22:26:18,-07:00,2025-10-24T22:26:18-07:00,2,24
index.js,17,js,2fcd4a99,mkalsi13,2025-10-24,22:26:18,-07:00,2025-10-24T22:26:18-07:00,3,35
index.js,18,js,2fcd4a99,mkalsi13,2025-10-24,22:26:18,-07:00,2025-10-24T22:26:18-07:00,3,18
index.js,19,js,2fcd4a99,mkalsi13,2025-10-24,22:26:18,-07:00,2025-10-24T22:26:18-07:00,4,54
index.js,20,js,2fcd4a99,mkalsi13,2025-10-24,22:26:18,-07:00,2025-10-24T22:26:18-07:00,4,54
index.js,21,js,2fcd4a99,mkalsi13,2025-10-24,22:26:18,-07:00,2025-10-24T22:26:18-07:00,4,48
index.js,22,js,2fcd4a99,mkalsi13,2025-10-24,22:26:18,-07:00,2025-10-24T22:26:18-07:00,4,48
index.js,23,js,2fcd4a99,mkalsi13,2025-10-24,22:26:18,-07:00,2025-10-24T22:26:18-07:00,3,3
index.js,24,js,2fcd4a99,mkalsi13,2025-10-24,22:26:18,-07:00,2025-10-24T22:26:18-07:00,2,0
index.js,25,js,2fcd4a99,mkalsi13,2025-10-24,22:26:18,-07:00,2025-10-24T22:26:18-07:00,1,0
index.js,26,js,2fcd4a99,mkalsi13,2025-10-24,22:26:18,-07:00,2025-10-24T22:26:18-07:00,0,11
index.js,27,js,2fcd4a99,mkalsi13,2025-10-24,22:26:18,-07:00,2025-10-24T22:26:18-07:00,1,15
index.js,28,js,2fcd4a99,mkalsi13,2025-10-24,22:26:18,-07:00,2025-10-24T22:26:18-07:00,1,74
index.js,29,js,2fcd4a99,mkalsi13,2025-10-24,22:26:18,-07:00,2025-10-24T22:26:18-07:00,0,0
index.html,1,html,305162fc,mkalsi13,2025-10-10,22:27:35,-07:00,2025-10-10T22:27:35-07:00,0,13
index.html,2,html,369a93cb,mkalsi13,2025-10-03,21:49:47,-07:00,2025-10-03T21:49:47-07:00,0,14
index.html,3,html,369a93cb,mkalsi13,2025-10-03,21:49:47,-07:00,2025-10-03T21:49:47-07:00,0,4
index.html,4,html,305162fc,mkalsi13,2025-10-10,22:27:35,-07:00,2025-10-10T22:27:35-07:00,1,20
index.html,5,html,305162fc,mkalsi13,2025-10-10,22:27:35,-07:00,2025-10-10T22:27:35-07:00,1,66
index.html,6,html,305162fc,mkalsi13,2025-10-10,22:27:35,-07:00,2025-10-10T22:27:35-07:00,1,53
index.html,7,html,305162fc,mkalsi13,2025-10-10,22:27:35,-07:00,2025-10-10T22:27:35-07:00,1,38
index.html,8,html,369a93cb,mkalsi13,2025-10-03,21:49:47,-07:00,2025-10-03T21:49:47-07:00,0,5
index.html,9,html,369a93cb,mkalsi13,2025-10-03,21:49:47,-07:00,2025-10-03T21:49:47-07:00,0,4
index.html,10,html,305162fc,mkalsi13,2025-10-10,22:27:35,-07:00,2025-10-10T22:27:35-07:00,1,4
index.html,11,html,305162fc,mkalsi13,2025-10-10,22:27:35,-07:00,2025-10-10T22:27:35-07:00,2,18
index.html,12,html,305162fc,mkalsi13,2025-10-10,22:27:35,-07:00,2025-10-10T22:27:35-07:00,2,152
index.html,13,html,d9ac892d,mkalsi13,2025-10-03,22:48:40,-07:00,2025-10-03T22:48:40-07:00,2,19
index.html,14,html,305162fc,mkalsi13,2025-10-10,22:27:35,-07:00,2025-10-10T22:27:35-07:00,3,67
index.html,15,html,d9ac892d,mkalsi13,2025-10-03,22:48:40,-07:00,2025-10-03T22:48:40-07:00,2,7
index.html,16,html,305162fc,mkalsi13,2025-10-10,22:27:35,-07:00,2025-10-10T22:27:35-07:00,1,5
index.html,17,html,bbf03db7,mkalsi13,2025-10-17,23:03:31,-07:00,2025-10-17T23:03:31-07:00,0,0
index.html,18,html,bbf03db7,mkalsi13,2025-10-17,23:03:31,-07:00,2025-10-17T23:03:31-07:00,1,45
index.html,19,html,2fcd4a99,mkalsi13,2025-10-24,22:26:18,-07:00,2025-10-24T22:26:18-07:00,1,7
index.html,20,html,2fcd4a99,mkalsi13,2025-10-24,22:26:18,-07:00,2025-10-24T22:26:18-07:00,1,22
index.html,21,html,2fcd4a99,mkalsi13,2025-10-24,22:26:18,-07:00,2025-10-24T22:26:18-07:00,1,26
index.html,22,html,2fcd4a99,mkalsi13,2025-10-24,22:26:18,-07:00,2025-10-24T22:26:18-07:00,0,8
index.html,23,html,2fcd4a99,mkalsi13,2025-10-24,22:26:18,-07:00,2025-10-24T22:26:18-07:00,0,0
index.html,24,html,2fcd4a99,mkalsi13,2025-10-24,22:26:18,-07:00,2025-10-24T22:26:18-07:00,0,7
index.html,25,html,2fcd4a99,mkalsi13,2025-10-24,22:26:18,-07:00,2025-10-24T22:26:18-07:00,1,20
index.html,26,html,2fcd4a99,mkalsi13,2025-10-24,22:26:18,-07:00,2025-10-24T22:26:18-07:00,1,50
index.html,27,html,2fcd4a99,mkalsi13,2025-10-24,22:26:18,-07:00,2025-10-24T22:26:18-07:00,0,8
index.html,28,html,2fcd4a99,mkalsi13,2025-10-24,22:26:18,-07:00,2025-10-24T22:26:18-07:00,0,0
index.html,29,html,2fcd4a99,mkalsi13,2025-10-24,22:26:18,-07:00,2025-10-24T22:26:18-07:00,0,50
index.html,30,html,2fcd4a99,mkalsi13,2025-10-24,22:26:18,-07:00,2025-10-24T22:26:18-07:00,0,0
index.html,31,html,369a93cb,mkalsi13,2025-10-03,21:49:47,-07:00,2025-10-03T21:49:47-07:00,0,5
index.html,32,html,305162fc,mkalsi13,2025-10-10,22:27:35,-07:00,2025-10-10T22:27:35-07:00,0,5
global.js,1,js,bbf03db7,mkalsi13,2025-10-17,23:03:31,-07:00,2025-10-17T23:03:31-07:00,0,25
global.js,2,js,bbf03db7,mkalsi13,2025-10-17,23:03:31,-07:00,2025-10-17T23:03:31-07:00,0,0
global.js,3,js,2fcd4a99,mkalsi13,2025-10-24,22:26:18,-07:00,2025-10-24T22:26:18-07:00,0,29
global.js,4,js,bbf03db7,mkalsi13,2025-10-17,23:03:31,-07:00,2025-10-17T23:03:31-07:00,0,48
global.js,5,js,bbf03db7,mkalsi13,2025-10-17,23:03:31,-07:00,2025-10-17T23:03:31-07:00,1,52
global.js,6,js,bbf03db7,mkalsi13,2025-10-17,23:03:31,-07:00,2025-10-17T23:03:31-07:00,0,0
global.js,7,js,bbf03db7,mkalsi13,2025-10-17,23:03:31,-07:00,2025-10-17T23:03:31-07:00,0,0
global.js,8,js,2fcd4a99,mkalsi13,2025-10-24,22:26:18,-07:00,2025-10-24T22:26:18-07:00,0,30
global.js,9,js,2fcd4a99,mkalsi13,2025-10-24,22:26:18,-07:00,2025-10-24T22:26:18-07:00,1,25
global.js,10,js,2fcd4a99,mkalsi13,2025-10-24,22:26:18,-07:00,2025-10-24T22:26:18-07:00,0,30
global.js,11,js,bbf03db7,mkalsi13,2025-10-17,23:03:31,-07:00,2025-10-17T23:03:31-07:00,0,69
global.js,12,js,bbf03db7,mkalsi13,2025-10-17,23:03:31,-07:00,2025-10-17T23:03:31-07:00,0,73
global.js,13,js,bbf03db7,mkalsi13,2025-10-17,23:03:31,-07:00,2025-10-17T23:03:31-07:00,0,61
global.js,14,js,bbf03db7,mkalsi13,2025-10-17,23:03:31,-07:00,2025-10-17T23:03:31-07:00,0,92
global.js,15,js,bbf03db7,mkalsi13,2025-10-17,23:03:31,-07:00,2025-10-17T23:03:31-07:00,0,0
global.js,16,js,2fcd4a99,mkalsi13,2025-10-24,22:26:18,-07:00,2025-10-24T22:26:18-07:00,0,30
global.js,17,js,2fcd4a99,mkalsi13,2025-10-24,22:26:18,-07:00,2025-10-24T22:26:18-07:00,1,18
global.js,18,js,2fcd4a99,mkalsi13,2025-10-24,22:26:18,-07:00,2025-10-24T22:26:18-07:00,0,30
global.js,19,js,bbf03db7,mkalsi13,2025-10-17,23:03:31,-07:00,2025-10-17T23:03:31-07:00,0,13
global.js,20,js,2fcd4a99,mkalsi13,2025-10-24,22:26:18,-07:00,2025-10-24T22:26:18-07:00,1,34
global.js,21,js,bbf03db7,mkalsi13,2025-10-17,23:03:31,-07:00,2025-10-17T23:03:31-07:00,1,38
global.js,22,js,bbf03db7,mkalsi13,2025-10-17,23:03:31,-07:00,2025-10-17T23:03:31-07:00,1,36
global.js,23,js,00000000,Not Committed Yet,2025-11-07,18:41:09,-08:00,2025-11-07T18:41:09-08:00,1,30
global.js,24,js,bbf03db7,mkalsi13,2025-10-17,23:03:31,-07:00,2025-10-17T23:03:31-07:00,1,37
global.js,25,js,bbf03db7,mkalsi13,2025-10-17,23:03:31,-07:00,2025-10-17T23:03:31-07:00,1,56
global.js,26,js,bbf03db7,mkalsi13,2025-10-17,23:03:31,-07:00,2025-10-17T23:03:31-07:00,0,0
global.js,27,js,bbf03db7,mkalsi13,2025-10-17,23:03:31,-07:00,2025-10-17T23:03:31-07:00,0,0
global.js,28,js,bbf03db7,mkalsi13,2025-10-17,23:03:31,-07:00,2025-10-17T23:03:31-07:00,0,46
global.js,29,js,bbf03db7,mkalsi13,2025-10-17,23:03:31,-07:00,2025-10-17T23:03:31-07:00,0,31
global.js,30,js,bbf03db7,mkalsi13,2025-10-17,23:03:31,-07:00,2025-10-17T23:03:31-07:00,0,40
global.js,31,js,bbf03db7,mkalsi13,2025-10-17,23:03:31,-07:00,2025-10-17T23:03:31-07:00,0,25
global.js,32,js,bbf03db7,mkalsi13,2025-10-17,23:03:31,-07:00,2025-10-17T23:03:31-07:00,0,38
global.js,33,js,bbf03db7,mkalsi13,2025-10-17,23:03:31,-07:00,2025-10-17T23:03:31-07:00,0,13
global.js,34,js,bbf03db7,mkalsi13,2025-10-17,23:03:31,-07:00,2025-10-17T23:03:31-07:00,0,17
global.js,35,js,bbf03db7,mkalsi13,2025-10-17,23:03:31,-07:00,2025-10-17T23:03:31-07:00,0,28
global.js,36,js,bbf03db7,mkalsi13,2025-10-17,23:03:31,-07:00,2025-10-17T23:03:31-07:00,0,0
global.js,37,js,bbf03db7,mkalsi13,2025-10-17,23:03:31,-07:00,2025-10-17T23:03:31-07:00,0,13
global.js,38,js,bbf03db7,mkalsi13,2025-10-17,23:03:31,-07:00,2025-10-17T23:03:31-07:00,0,22
global.js,39,js,bbf03db7,mkalsi13,2025-10-17,23:03:31,-07:00,2025-10-17T23:03:31-07:00,1,14
global.js,40,js,bbf03db7,mkalsi13,2025-10-17,23:03:31,-07:00,2025-10-17T23:03:31-07:00,1,51
global.js,41,js,bbf03db7,mkalsi13,2025-10-17,23:03:31,-07:00,2025-10-17T23:03:31-07:00,0,0
global.js,42,js,bbf03db7,mkalsi13,2025-10-17,23:03:31,-07:00,2025-10-17T23:03:31-07:00,1,38
global.js,43,js,bbf03db7,mkalsi13,2025-10-17,23:03:31,-07:00,2025-10-17T23:03:31-07:00,1,36
global.js,44,js,bbf03db7,mkalsi13,2025-10-17,23:03:31,-07:00,2025-10-17T23:03:31-07:00,1,11
global.js,45,js,bbf03db7,mkalsi13,2025-10-17,23:03:31,-07:00,2025-10-17T23:03:31-07:00,1,22
global.js,46,js,bbf03db7,mkalsi13,2025-10-17,23:03:31,-07:00,2025-10-17T23:03:31-07:00,0,0
global.js,47,js,bbf03db7,mkalsi13,2025-10-17,23:03:31,-07:00,2025-10-17T23:03:31-07:00,1,23
global.js,48,js,bbf03db7,mkalsi13,2025-10-17,23:03:31,-07:00,2025-10-17T23:03:31-07:00,1,17
global.js,49,js,bbf03db7,mkalsi13,2025-10-17,23:03:31,-07:00,2025-10-17T23:03:31-07:00,2,8
global.js,50,js,bbf03db7,mkalsi13,2025-10-17,23:03:31,-07:00,2025-10-17T23:03:31-07:00,2,58
global.js,51,js,bbf03db7,mkalsi13,2025-10-17,23:03:31,-07:00,2025-10-17T23:03:31-07:00,1,0
global.js,52,js,bbf03db7,mkalsi13,2025-10-17,23:03:31,-07:00,2025-10-17T23:03:31-07:00,0,0
global.js,53,js,bbf03db7,mkalsi13,2025-10-17,23:03:31,-07:00,2025-10-17T23:03:31-07:00,1,28
global.js,54,js,bbf03db7,mkalsi13,2025-10-17,23:03:31,-07:00,2025-10-17T23:03:31-07:00,1,52
global.js,55,js,bbf03db7,mkalsi13,2025-10-17,23:03:31,-07:00,2025-10-17T23:03:31-07:00,1,47
global.js,56,js,bbf03db7,mkalsi13,2025-10-17,23:03:31,-07:00,2025-10-17T23:03:31-07:00,0,0
global.js,57,js,bbf03db7,mkalsi13,2025-10-17,23:03:31,-07:00,2025-10-17T23:03:31-07:00,1,11
global.js,58,js,bbf03db7,mkalsi13,2025-10-17,23:03:31,-07:00,2025-10-17T23:03:31-07:00,1,12
global.js,59,js,bbf03db7,mkalsi13,2025-10-17,23:03:31,-07:00,2025-10-17T23:03:31-07:00,0,0
global.js,60,js,bbf03db7,mkalsi13,2025-10-17,23:03:31,-07:00,2025-10-17T23:03:31-07:00,0,0
global.js,61,js,2fcd4a99,mkalsi13,2025-10-24,22:26:18,-07:00,2025-10-24T22:26:18-07:00,0,30
global.js,62,js,2fcd4a99,mkalsi13,2025-10-24,22:26:18,-07:00,2025-10-24T22:26:18-07:00,1,20
global.js,63,js,2fcd4a99,mkalsi13,2025-10-24,22:26:18,-07:00,2025-10-24T22:26:18-07:00,0,30
global.js,64,js,2fcd4a99,mkalsi13,2025-10-24,22:26:18,-07:00,2025-10-24T22:26:18-07:00,0,43
global.js,65,js,bbf03db7,mkalsi13,2025-10-17,23:03:31,-07:00,2025-10-17T23:03:31-07:00,0,31
global.js,66,js,bbf03db7,mkalsi13,2025-10-17,23:03:31,-07:00,2025-10-17T23:03:31-07:00,1,11
global.js,67,js,bbf03db7,mkalsi13,2025-10-17,23:03:31,-07:00,2025-10-17T23:03:31-07:00,1,0
global.js,68,js,bbf03db7,mkalsi13,2025-10-17,23:03:31,-07:00,2025-10-17T23:03:31-07:00,1,26
global.js,69,js,bbf03db7,mkalsi13,2025-10-17,23:03:31,-07:00,2025-10-17T23:03:31-07:00,2,4
global.js,70,js,bbf03db7,mkalsi13,2025-10-17,23:03:31,-07:00,2025-10-17T23:03:31-07:00,2,24
global.js,71,js,bbf03db7,mkalsi13,2025-10-17,23:03:31,-07:00,2025-10-17T23:03:31-07:00,3,43
global.js,72,js,bbf03db7,mkalsi13,2025-10-17,23:03:31,-07:00,2025-10-17T23:03:31-07:00,3,34
global.js,73,js,bbf03db7,mkalsi13,2025-10-17,23:03:31,-07:00,2025-10-17T23:03:31-07:00,3,32
global.js,74,js,bbf03db7,mkalsi13,2025-10-17,23:03:31,-07:00,2025-10-17T23:03:31-07:00,2,7
global.js,75,js,bbf03db7,mkalsi13,2025-10-17,23:03:31,-07:00,2025-10-17T23:03:31-07:00,1,6
global.js,76,js,bbf03db7,mkalsi13,2025-10-17,23:03:31,-07:00,2025-10-17T23:03:31-07:00,0,0
global.js,77,js,bbf03db7,mkalsi13,2025-10-17,23:03:31,-07:00,2025-10-17T23:03:31-07:00,0,0
global.js,78,js,bbf03db7,mkalsi13,2025-10-17,23:03:31,-07:00,2025-10-17T23:03:31-07:00,0,0
global.js,79,js,bbf03db7,mkalsi13,2025-10-17,23:03:31,-07:00,2025-10-17T23:03:31-07:00,0,53
global.js,80,js,bbf03db7,mkalsi13,2025-10-17,23:03:31,-07:00,2025-10-17T23:03:31-07:00,0,36
global.js,81,js,bbf03db7,mkalsi13,2025-10-17,23:03:31,-07:00,2025-10-17T23:03:31-07:00,0,0
global.js,82,js,bbf03db7,mkalsi13,2025-10-17,23:03:31,-07:00,2025-10-17T23:03:31-07:00,0,37
global.js,83,js,bbf03db7,mkalsi13,2025-10-17,23:03:31,-07:00,2025-10-17T23:03:31-07:00,0,36
global.js,84,js,bbf03db7,mkalsi13,2025-10-17,23:03:31,-07:00,2025-10-17T23:03:31-07:00,0,21
global.js,85,js,bbf03db7,mkalsi13,2025-10-17,23:03:31,-07:00,2025-10-17T23:03:31-07:00,0,46
global.js,86,js,bbf03db7,mkalsi13,2025-10-17,23:03:31,-07:00,2025-10-17T23:03:31-07:00,0,0
global.js,87,js,bbf03db7,mkalsi13,2025-10-17,23:03:31,-07:00,2025-10-17T23:03:31-07:00,0,39
global.js,88,js,2fcd4a99,mkalsi13,2025-10-24,22:26:18,-07:00,2025-10-24T22:26:18-07:00,1,28
global.js,89,js,bbf03db7,mkalsi13,2025-10-17,23:03:31,-07:00,2025-10-17T23:03:31-07:00,1,45
global.js,90,js,bbf03db7,mkalsi13,2025-10-17,23:03:31,-07:00,2025-10-17T23:03:31-07:00,1,32
global.js,91,js,bbf03db7,mkalsi13,2025-10-17,23:03:31,-07:00,2025-10-17T23:03:31-07:00,0,1
global.js,92,js,bbf03db7,mkalsi13,2025-10-17,23:03:31,-07:00,2025-10-17T23:03:31-07:00,0,0
global.js,93,js,f37d20fd,mkalsi13,2025-10-31,19:36:38,-07:00,2025-10-31T19:36:38-07:00,0,79
global.js,94,js,f37d20fd,mkalsi13,2025-10-31,19:36:38,-07:00,2025-10-31T19:36:38-07:00,1,28
global.js,95,js,f37d20fd,mkalsi13,2025-10-31,19:36:38,-07:00,2025-10-31T19:36:38-07:00,1,81
global.js,96,js,f37d20fd,mkalsi13,2025-10-31,19:36:38,-07:00,2025-10-31T19:36:38-07:00,1,30
global.js,97,js,f37d20fd,mkalsi13,2025-10-31,19:36:38,-07:00,2025-10-31T19:36:38-07:00,1,51
global.js,98,js,f37d20fd,mkalsi13,2025-10-31,19:36:38,-07:00,2025-10-31T19:36:38-07:00,1,22
global.js,99,js,f37d20fd,mkalsi13,2025-10-31,19:36:38,-07:00,2025-10-31T19:36:38-07:00,2,36
global.js,100,js,f37d20fd,mkalsi13,2025-10-31,19:36:38,-07:00,2025-10-31T19:36:38-07:00,2,40
global.js,101,js,f37d20fd,mkalsi13,2025-10-31,19:36:38,-07:00,2025-10-31T19:36:38-07:00,2,30
global.js,102,js,f37d20fd,mkalsi13,2025-10-31,19:36:38,-07:00,2025-10-31T19:36:38-07:00,2,5
global.js,103,js,f37d20fd,mkalsi13,2025-10-31,19:36:38,-07:00,2025-10-31T19:36:38-07:00,1,0
global.js,104,js,f37d20fd,mkalsi13,2025-10-31,19:36:38,-07:00,2025-10-31T19:36:38-07:00,1,27
global.js,105,js,f37d20fd,mkalsi13,2025-10-31,19:36:38,-07:00,2025-10-31T19:36:38-07:00,2,48
global.js,106,js,f37d20fd,mkalsi13,2025-10-31,19:36:38,-07:00,2025-10-31T19:36:38-07:00,2,49
global.js,107,js,f37d20fd,mkalsi13,2025-10-31,19:36:38,-07:00,2025-10-31T19:36:38-07:00,2,77
global.js,108,js,f37d20fd,mkalsi13,2025-10-31,19:36:38,-07:00,2025-10-31T19:36:38-07:00,2,38
global.js,109,js,f37d20fd,mkalsi13,2025-10-31,19:36:38,-07:00,2025-10-31T19:36:38-07:00,2,31
global.js,110,js,f37d20fd,mkalsi13,2025-10-31,19:36:38,-07:00,2025-10-31T19:36:38-07:00,2,29
global.js,111,js,f37d20fd,mkalsi13,2025-10-31,19:36:38,-07:00,2025-10-31T19:36:38-07:00,2,93
global.js,112,js,f37d20fd,mkalsi13,2025-10-31,19:36:38,-07:00,2025-10-31T19:36:38-07:00,2,19
global.js,113,js,f37d20fd,mkalsi13,2025-10-31,19:36:38,-07:00,2025-10-31T19:36:38-07:00,3,45
global.js,114,js,f37d20fd,mkalsi13,2025-10-31,19:36:38,-07:00,2025-10-31T19:36:38-07:00,3,31
global.js,115,js,f37d20fd,mkalsi13,2025-10-31,19:36:38,-07:00,2025-10-31T19:36:38-07:00,3,24
global.js,116,js,f37d20fd,mkalsi13,2025-10-31,19:36:38,-07:00,2025-10-31T19:36:38-07:00,4,12
global.js,117,js,f37d20fd,mkalsi13,2025-10-31,19:36:38,-07:00,2025-10-31T19:36:38-07:00,4,68
global.js,118,js,f37d20fd,mkalsi13,2025-10-31,19:36:38,-07:00,2025-10-31T19:36:38-07:00,3,4
global.js,119,js,f37d20fd,mkalsi13,2025-10-31,19:36:38,-07:00,2025-10-31T19:36:38-07:00,2,0
global.js,120,js,f37d20fd,mkalsi13,2025-10-31,19:36:38,-07:00,2025-10-31T19:36:38-07:00,2,36
global.js,121,js,f37d20fd,mkalsi13,2025-10-31,19:36:38,-07:00,2025-10-31T19:36:38-07:00,1,0
global.js,122,js,f37d20fd,mkalsi13,2025-10-31,19:36:38,-07:00,2025-10-31T19:36:38-07:00,1,56
global.js,123,js,f37d20fd,mkalsi13,2025-10-31,19:36:38,-07:00,2025-10-31T19:36:38-07:00,1,12
global.js,124,js,f37d20fd,mkalsi13,2025-10-31,19:36:38,-07:00,2025-10-31T19:36:38-07:00,2,40
global.js,125,js,f37d20fd,mkalsi13,2025-10-31,19:36:38,-07:00,2025-10-31T19:36:38-07:00,2,43
global.js,126,js,f37d20fd,mkalsi13,2025-10-31,19:36:38,-07:00,2025-10-31T19:36:38-07:00,2,24
global.js,127,js,f37d20fd,mkalsi13,2025-10-31,19:36:38,-07:00,2025-10-31T19:36:38-07:00,2,27
global.js,128,js,f37d20fd,mkalsi13,2025-10-31,19:36:38,-07:00,2025-10-31T19:36:38-07:00,2,38
global.js,129,js,f37d20fd,mkalsi13,2025-10-31,19:36:38,-07:00,2025-10-31T19:36:38-07:00,2,37
global.js,130,js,f37d20fd,mkalsi13,2025-10-31,19:36:38,-07:00,2025-10-31T19:36:38-07:00,2,25
global.js,131,js,f37d20fd,mkalsi13,2025-10-31,19:36:38,-07:00,2025-10-31T19:36:38-07:00,1,0
global.js,132,js,f37d20fd,mkalsi13,2025-10-31,19:36:38,-07:00,2025-10-31T19:36:38-07:00,0,0
global.js,133,js,bbf03db7,mkalsi13,2025-10-17,23:03:31,-07:00,2025-10-17T23:03:31-07:00,0,61
global.js,134,js,bbf03db7,mkalsi13,2025-10-17,23:03:31,-07:00,2025-10-17T23:03:31-07:00,0,40
global.js,135,js,bbf03db7,mkalsi13,2025-10-17,23:03:31,-07:00,2025-10-17T23:03:31-07:00,1,18
global.js,136,js,bbf03db7,mkalsi13,2025-10-17,23:03:31,-07:00,2025-10-17T23:03:31-07:00,1,30
global.js,137,js,bbf03db7,mkalsi13,2025-10-17,23:03:31,-07:00,2025-10-17T23:03:31-07:00,1,16
global.js,138,js,bbf03db7,mkalsi13,2025-10-17,23:03:31,-07:00,2025-10-17T23:03:31-07:00,1,33
global.js,139,js,bbf03db7,mkalsi13,2025-10-17,23:03:31,-07:00,2025-10-17T23:03:31-07:00,2,26
global.js,140,js,bbf03db7,mkalsi13,2025-10-17,23:03:31,-07:00,2025-10-17T23:03:31-07:00,3,70
global.js,141,js,bbf03db7,mkalsi13,2025-10-17,23:03:31,-07:00,2025-10-17T23:03:31-07:00,2,0
global.js,142,js,bbf03db7,mkalsi13,2025-10-17,23:03:31,-07:00,2025-10-17T23:03:31-07:00,1,0
global.js,143,js,bbf03db7,mkalsi13,2025-10-17,23:03:31,-07:00,2025-10-17T23:03:31-07:00,1,70
global.js,144,js,bbf03db7,mkalsi13,2025-10-17,23:03:31,-07:00,2025-10-17T23:03:31-07:00,1,63
global.js,145,js,bbf03db7,mkalsi13,2025-10-17,23:03:31,-07:00,2025-10-17T23:03:31-07:00,1,18
global.js,146,js,bbf03db7,mkalsi13,2025-10-17,23:03:31,-07:00,2025-10-17T23:03:31-07:00,0,1
global.js,147,js,2fcd4a99,mkalsi13,2025-10-24,22:26:18,-07:00,2025-10-24T22:26:18-07:00,0,0
global.js,148,js,2fcd4a99,mkalsi13,2025-10-24,22:26:18,-07:00,2025-10-24T22:26:18-07:00,0,61
global.js,149,js,2fcd4a99,mkalsi13,2025-10-24,22:26:18,-07:00,2025-10-24T22:26:18-07:00,1,57
global.js,150,js,2fcd4a99,mkalsi13,2025-10-24,22:26:18,-07:00,2025-10-24T22:26:18-07:00,1,49
global.js,151,js,2fcd4a99,mkalsi13,2025-10-24,22:26:18,-07:00,2025-10-24T22:26:18-07:00,0,61
global.js,152,js,2fcd4a99,mkalsi13,2025-10-24,22:26:18,-07:00,2025-10-24T22:26:18-07:00,0,36
global.js,153,js,2fcd4a99,mkalsi13,2025-10-24,22:26:18,-07:00,2025-10-24T22:26:18-07:00,1,3
global.js,154,js,2fcd4a99,mkalsi13,2025-10-24,22:26:18,-07:00,2025-10-24T22:26:18-07:00,2,32
global.js,155,js,2fcd4a99,mkalsi13,2025-10-24,22:26:18,-07:00,2025-10-24T22:26:18-07:00,2,17
global.js,156,js,2fcd4a99,mkalsi13,2025-10-24,22:26:18,-07:00,2025-10-24T22:26:18-07:00,3,76
global.js,157,js,2fcd4a99,mkalsi13,2025-10-24,22:26:18,-07:00,2025-10-24T22:26:18-07:00,2,0
global.js,158,js,2fcd4a99,mkalsi13,2025-10-24,22:26:18,-07:00,2025-10-24T22:26:18-07:00,2,27
global.js,159,js,2fcd4a99,mkalsi13,2025-10-24,22:26:18,-07:00,2025-10-24T22:26:18-07:00,1,13
global.js,160,js,2fcd4a99,mkalsi13,2025-10-24,22:26:18,-07:00,2025-10-24T22:26:18-07:00,2,57
global.js,161,js,2fcd4a99,mkalsi13,2025-10-24,22:26:18,-07:00,2025-10-24T22:26:18-07:00,2,10
global.js,162,js,2fcd4a99,mkalsi13,2025-10-24,22:26:18,-07:00,2025-10-24T22:26:18-07:00,1,0
global.js,163,js,2fcd4a99,mkalsi13,2025-10-24,22:26:18,-07:00,2025-10-24T22:26:18-07:00,0,0
global.js,164,js,2fcd4a99,mkalsi13,2025-10-24,22:26:18,-07:00,2025-10-24T22:26:18-07:00,0,0
global.js,165,js,2fcd4a99,mkalsi13,2025-10-24,22:26:18,-07:00,2025-10-24T22:26:18-07:00,0,0
global.js,166,js,2fcd4a99,mkalsi13,2025-10-24,22:26:18,-07:00,2025-10-24T22:26:18-07:00,0,0
global.js,167,js,2fcd4a99,mkalsi13,2025-10-24,22:26:18,-07:00,2025-10-24T22:26:18-07:00,0,47
global.js,168,js,2fcd4a99,mkalsi13,2025-10-24,22:26:18,-07:00,2025-10-24T22:26:18-07:00,1,70
global.js,169,js,2fcd4a99,mkalsi13,2025-10-24,22:26:18,-07:00,2025-10-24T22:26:18-07:00,1,79
global.js,170,js,2fcd4a99,mkalsi13,2025-10-24,22:26:18,-07:00,2025-10-24T22:26:18-07:00,0,0
resume\index.html,1,html,d9ac892d,mkalsi13,2025-10-03,22:48:40,-07:00,2025-10-03T22:48:40-07:00,0,13
resume\index.html,2,html,d9ac892d,mkalsi13,2025-10-03,22:48:40,-07:00,2025-10-03T22:48:40-07:00,0,14
resume\index.html,3,html,d9ac892d,mkalsi13,2025-10-03,22:48:40,-07:00,2025-10-03T22:48:40-07:00,0,4
resume\index.html,4,html,305162fc,mkalsi13,2025-10-10,22:27:35,-07:00,2025-10-10T22:27:35-07:00,1,20
resume\index.html,5,html,305162fc,mkalsi13,2025-10-10,22:27:35,-07:00,2025-10-10T22:27:35-07:00,1,66
resume\index.html,6,html,305162fc,mkalsi13,2025-10-10,22:27:35,-07:00,2025-10-10T22:27:35-07:00,1,33
resume\index.html,7,html,305162fc,mkalsi13,2025-10-10,22:27:35,-07:00,2025-10-10T22:27:35-07:00,1,41
resume\index.html,8,html,d9ac892d,mkalsi13,2025-10-03,22:48:40,-07:00,2025-10-03T22:48:40-07:00,0,5
resume\index.html,9,html,d9ac892d,mkalsi13,2025-10-03,22:48:40,-07:00,2025-10-03T22:48:40-07:00,0,4
resume\index.html,10,html,305162fc,mkalsi13,2025-10-10,22:27:35,-07:00,2025-10-10T22:27:35-07:00,1,4
resume\index.html,11,html,d9ac892d,mkalsi13,2025-10-03,22:48:40,-07:00,2025-10-03T22:48:40-07:00,2,13
resume\index.html,12,html,bbf03db7,mkalsi13,2025-10-17,23:03:31,-07:00,2025-10-17T23:03:31-07:00,0,0
resume\index.html,13,html,d9ac892d,mkalsi13,2025-10-03,22:48:40,-07:00,2025-10-03T22:48:40-07:00,2,7
resume\index.html,14,html,d9ac892d,mkalsi13,2025-10-03,22:48:40,-07:00,2025-10-03T22:48:40-07:00,3,27
resume\index.html,15,html,305162fc,mkalsi13,2025-10-10,22:27:35,-07:00,2025-10-10T22:27:35-07:00,3,144
resume\index.html,16,html,d9ac892d,mkalsi13,2025-10-03,22:48:40,-07:00,2025-10-03T22:48:40-07:00,2,8
resume\index.html,17,html,bbf03db7,mkalsi13,2025-10-17,23:03:31,-07:00,2025-10-17T23:03:31-07:00,0,0
resume\index.html,18,html,d9ac892d,mkalsi13,2025-10-03,22:48:40,-07:00,2025-10-03T22:48:40-07:00,2,7
resume\index.html,19,html,d9ac892d,mkalsi13,2025-10-03,22:48:40,-07:00,2025-10-03T22:48:40-07:00,3,17
resume\index.html,20,html,d9ac892d,mkalsi13,2025-10-03,22:48:40,-07:00,2025-10-03T22:48:40-07:00,3,7
resume\index.html,21,html,d9ac892d,mkalsi13,2025-10-03,22:48:40,-07:00,2025-10-03T22:48:40-07:00,4,6
resume\index.html,22,html,305162fc,mkalsi13,2025-10-10,22:27:35,-07:00,2025-10-10T22:27:35-07:00,5,19
resume\index.html,23,html,305162fc,mkalsi13,2025-10-10,22:27:35,-07:00,2025-10-10T22:27:35-07:00,5,93
resume\index.html,24,html,d9ac892d,mkalsi13,2025-10-03,22:48:40,-07:00,2025-10-03T22:48:40-07:00,4,7
resume\index.html,25,html,d9ac892d,mkalsi13,2025-10-03,22:48:40,-07:00,2025-10-03T22:48:40-07:00,4,2
resume\index.html,26,html,305162fc,mkalsi13,2025-10-10,22:27:35,-07:00,2025-10-10T22:27:35-07:00,5,113
resume\index.html,27,html,305162fc,mkalsi13,2025-10-10,22:27:35,-07:00,2025-10-10T22:27:35-07:00,5,99
resume\index.html,28,html,d9ac892d,mkalsi13,2025-10-03,22:48:40,-07:00,2025-10-03T22:48:40-07:00,4,3
resume\index.html,29,html,d9ac892d,mkalsi13,2025-10-03,22:48:40,-07:00,2025-10-03T22:48:40-07:00,3,8
resume\index.html,30,html,305162fc,mkalsi13,2025-10-10,22:27:35,-07:00,2025-10-10T22:27:35-07:00,2,8
resume\index.html,31,html,bbf03db7,mkalsi13,2025-10-17,23:03:31,-07:00,2025-10-17T23:03:31-07:00,0,0
resume\index.html,32,html,d9ac892d,mkalsi13,2025-10-03,22:48:40,-07:00,2025-10-03T22:48:40-07:00,2,7
resume\index.html,33,html,d9ac892d,mkalsi13,2025-10-03,22:48:40,-07:00,2025-10-03T22:48:40-07:00,3,16
resume\index.html,34,html,d9ac892d,mkalsi13,2025-10-03,22:48:40,-07:00,2025-10-03T22:48:40-07:00,3,7
resume\index.html,35,html,d9ac892d,mkalsi13,2025-10-03,22:48:40,-07:00,2025-10-03T22:48:40-07:00,4,6
resume\index.html,36,html,305162fc,mkalsi13,2025-10-10,22:27:35,-07:00,2025-10-10T22:27:35-07:00,5,62
resume\index.html,37,html,d9ac892d,mkalsi13,2025-10-03,22:48:40,-07:00,2025-10-03T22:48:40-07:00,5,88
resume\index.html,38,html,d9ac892d,mkalsi13,2025-10-03,22:48:40,-07:00,2025-10-03T22:48:40-07:00,4,7
resume\index.html,39,html,d9ac892d,mkalsi13,2025-10-03,22:48:40,-07:00,2025-10-03T22:48:40-07:00,3,8
resume\index.html,40,html,d9ac892d,mkalsi13,2025-10-03,22:48:40,-07:00,2025-10-03T22:48:40-07:00,2,8
resume\index.html,41,html,d9ac892d,mkalsi13,2025-10-03,22:48:40,-07:00,2025-10-03T22:48:40-07:00,1,5
resume\index.html,42,html,bbf03db7,mkalsi13,2025-10-17,23:03:31,-07:00,2025-10-17T23:03:31-07:00,0,0
resume\index.html,43,html,bbf03db7,mkalsi13,2025-10-17,23:03:31,-07:00,2025-10-17T23:03:31-07:00,1,48
resume\index.html,44,html,d9ac892d,mkalsi13,2025-10-03,22:48:40,-07:00,2025-10-03T22:48:40-07:00,0,5
resume\index.html,45,html,d9ac892d,mkalsi13,2025-10-03,22:48:40,-07:00,2025-10-03T22:48:40-07:00,0,5
projects\projects.js,1,js,f37d20fd,mkalsi13,2025-10-31,19:36:38,-07:00,2025-10-31T19:36:38-07:00,0,63
projects\projects.js,2,js,2fcd4a99,mkalsi13,2025-10-24,22:26:18,-07:00,2025-10-24T22:26:18-07:00,0,55
projects\projects.js,3,js,2fcd4a99,mkalsi13,2025-10-24,22:26:18,-07:00,2025-10-24T22:26:18-07:00,0,0
projects\projects.js,4,js,f37d20fd,mkalsi13,2025-10-31,19:36:38,-07:00,2025-10-31T19:36:38-07:00,0,19
projects\projects.js,5,js,f37d20fd,mkalsi13,2025-10-31,19:36:38,-07:00,2025-10-31T19:36:38-07:00,0,13
projects\projects.js,6,js,f37d20fd,mkalsi13,2025-10-31,19:36:38,-07:00,2025-10-31T19:36:38-07:00,0,22
projects\projects.js,7,js,f37d20fd,mkalsi13,2025-10-31,19:36:38,-07:00,2025-10-31T19:36:38-07:00,0,0
projects\projects.js,8,js,f37d20fd,mkalsi13,2025-10-31,19:36:38,-07:00,2025-10-31T19:36:38-07:00,0,42
projects\projects.js,9,js,f37d20fd,mkalsi13,2025-10-31,19:36:38,-07:00,2025-10-31T19:36:38-07:00,0,34
projects\projects.js,10,js,f37d20fd,mkalsi13,2025-10-31,19:36:38,-07:00,2025-10-31T19:36:38-07:00,0,60
projects\projects.js,11,js,f37d20fd,mkalsi13,2025-10-31,19:36:38,-07:00,2025-10-31T19:36:38-07:00,0,55
projects\projects.js,12,js,f37d20fd,mkalsi13,2025-10-31,19:36:38,-07:00,2025-10-31T19:36:38-07:00,0,0
projects\projects.js,13,js,f37d20fd,mkalsi13,2025-10-31,19:36:38,-07:00,2025-10-31T19:36:38-07:00,0,23
projects\projects.js,14,js,f37d20fd,mkalsi13,2025-10-31,19:36:38,-07:00,2025-10-31T19:36:38-07:00,1,42
projects\projects.js,15,js,f37d20fd,mkalsi13,2025-10-31,19:36:38,-07:00,2025-10-31T19:36:38-07:00,0,0
projects\projects.js,16,js,f37d20fd,mkalsi13,2025-10-31,19:36:38,-07:00,2025-10-31T19:36:38-07:00,0,0
projects\projects.js,17,js,f37d20fd,mkalsi13,2025-10-31,19:36:38,-07:00,2025-10-31T19:36:38-07:00,0,40
projects\projects.js,18,js,f37d20fd,mkalsi13,2025-10-31,19:36:38,-07:00,2025-10-31T19:36:38-07:00,1,18
projects\projects.js,19,js,f37d20fd,mkalsi13,2025-10-31,19:36:38,-07:00,2025-10-31T19:36:38-07:00,1,49
projects\projects.js,20,js,f37d20fd,mkalsi13,2025-10-31,19:36:38,-07:00,2025-10-31T19:36:38-07:00,1,48
projects\projects.js,21,js,f37d20fd,mkalsi13,2025-10-31,19:36:38,-07:00,2025-10-31T19:36:38-07:00,0,0
projects\projects.js,22,js,f37d20fd,mkalsi13,2025-10-31,19:36:38,-07:00,2025-10-31T19:36:38-07:00,0,0
projects\projects.js,23,js,f37d20fd,mkalsi13,2025-10-31,19:36:38,-07:00,2025-10-31T19:36:38-07:00,0,46
projects\projects.js,24,js,f37d20fd,mkalsi13,2025-10-31,19:36:38,-07:00,2025-10-31T19:36:38-07:00,1,21
projects\projects.js,25,js,f37d20fd,mkalsi13,2025-10-31,19:36:38,-07:00,2025-10-31T19:36:38-07:00,1,43
projects\projects.js,26,js,f37d20fd,mkalsi13,2025-10-31,19:36:38,-07:00,2025-10-31T19:36:38-07:00,0,0
projects\projects.js,27,js,f37d20fd,mkalsi13,2025-10-31,19:36:38,-07:00,2025-10-31T19:36:38-07:00,0,0
projects\projects.js,28,js,f37d20fd,mkalsi13,2025-10-31,19:36:38,-07:00,2025-10-31T19:36:38-07:00,0,37
projects\projects.js,29,js,f37d20fd,mkalsi13,2025-10-31,19:36:38,-07:00,2025-10-31T19:36:38-07:00,1,62
projects\projects.js,30,js,f37d20fd,mkalsi13,2025-10-31,19:36:38,-07:00,2025-10-31T19:36:38-07:00,0,0
projects\projects.js,31,js,2fcd4a99,mkalsi13,2025-10-24,22:26:18,-07:00,2025-10-24T22:26:18-07:00,0,0
projects\projects.js,32,js,f37d20fd,mkalsi13,2025-10-31,19:36:38,-07:00,2025-10-31T19:36:38-07:00,0,40
projects\projects.js,33,js,f37d20fd,mkalsi13,2025-10-31,19:36:38,-07:00,2025-10-31T19:36:38-07:00,1,72
projects\projects.js,34,js,f37d20fd,mkalsi13,2025-10-31,19:36:38,-07:00,2025-10-31T19:36:38-07:00,0,0
projects\projects.js,35,js,f37d20fd,mkalsi13,2025-10-31,19:36:38,-07:00,2025-10-31T19:36:38-07:00,0,0
projects\projects.js,36,js,f37d20fd,mkalsi13,2025-10-31,19:36:38,-07:00,2025-10-31T19:36:38-07:00,0,34
projects\projects.js,37,js,f37d20fd,mkalsi13,2025-10-31,19:36:38,-07:00,2025-10-31T19:36:38-07:00,1,66
projects\projects.js,38,js,f37d20fd,mkalsi13,2025-10-31,19:36:38,-07:00,2025-10-31T19:36:38-07:00,1,62
projects\projects.js,39,js,f37d20fd,mkalsi13,2025-10-31,19:36:38,-07:00,2025-10-31T19:36:38-07:00,1,76
projects\projects.js,40,js,f37d20fd,mkalsi13,2025-10-31,19:36:38,-07:00,2025-10-31T19:36:38-07:00,0,0
projects\projects.js,41,js,f37d20fd,mkalsi13,2025-10-31,19:36:38,-07:00,2025-10-31T19:36:38-07:00,0,0
projects\projects.js,42,js,f37d20fd,mkalsi13,2025-10-31,19:36:38,-07:00,2025-10-31T19:36:38-07:00,0,38
projects\projects.js,43,js,f37d20fd,mkalsi13,2025-10-31,19:36:38,-07:00,2025-10-31T19:36:38-07:00,1,42
projects\projects.js,44,js,f37d20fd,mkalsi13,2025-10-31,19:36:38,-07:00,2025-10-31T19:36:38-07:00,1,29
projects\projects.js,45,js,f37d20fd,mkalsi13,2025-10-31,19:36:38,-07:00,2025-10-31T19:36:38-07:00,1,30
projects\projects.js,46,js,f37d20fd,mkalsi13,2025-10-31,19:36:38,-07:00,2025-10-31T19:36:38-07:00,1,28
projects\projects.js,47,js,f37d20fd,mkalsi13,2025-10-31,19:36:38,-07:00,2025-10-31T19:36:38-07:00,1,49
projects\projects.js,48,js,f37d20fd,mkalsi13,2025-10-31,19:36:38,-07:00,2025-10-31T19:36:38-07:00,1,43
projects\projects.js,49,js,f37d20fd,mkalsi13,2025-10-31,19:36:38,-07:00,2025-10-31T19:36:38-07:00,1,53
projects\projects.js,50,js,f37d20fd,mkalsi13,2025-10-31,19:36:38,-07:00,2025-10-31T19:36:38-07:00,1,26
projects\projects.js,51,js,f37d20fd,mkalsi13,2025-10-31,19:36:38,-07:00,2025-10-31T19:36:38-07:00,1,25
projects\projects.js,52,js,f37d20fd,mkalsi13,2025-10-31,19:36:38,-07:00,2025-10-31T19:36:38-07:00,2,1
projects\projects.js,53,js,f37d20fd,mkalsi13,2025-10-31,19:36:38,-07:00,2025-10-31T19:36:38-07:00,3,13
projects\projects.js,54,js,f37d20fd,mkalsi13,2025-10-31,19:36:38,-07:00,2025-10-31T19:36:38-07:00,3,19
projects\projects.js,55,js,f37d20fd,mkalsi13,2025-10-31,19:36:38,-07:00,2025-10-31T19:36:38-07:00,3,22
projects\projects.js,56,js,f37d20fd,mkalsi13,2025-10-31,19:36:38,-07:00,2025-10-31T19:36:38-07:00,3,31
projects\projects.js,57,js,f37d20fd,mkalsi13,2025-10-31,19:36:38,-07:00,2025-10-31T19:36:38-07:00,3,18
projects\projects.js,58,js,f37d20fd,mkalsi13,2025-10-31,19:36:38,-07:00,2025-10-31T19:36:38-07:00,3,18
projects\projects.js,59,js,f37d20fd,mkalsi13,2025-10-31,19:36:38,-07:00,2025-10-31T19:36:38-07:00,4,23
projects\projects.js,60,js,f37d20fd,mkalsi13,2025-10-31,19:36:38,-07:00,2025-10-31T19:36:38-07:00,4,45
projects\projects.js,61,js,f37d20fd,mkalsi13,2025-10-31,19:36:38,-07:00,2025-10-31T19:36:38-07:00,4,47
projects\projects.js,62,js,f37d20fd,mkalsi13,2025-10-31,19:36:38,-07:00,2025-10-31T19:36:38-07:00,4,48
projects\projects.js,63,js,f37d20fd,mkalsi13,2025-10-31,19:36:38,-07:00,2025-10-31T19:36:38-07:00,4,23
projects\projects.js,64,js,f37d20fd,mkalsi13,2025-10-31,19:36:38,-07:00,2025-10-31T19:36:38-07:00,3,0
projects\projects.js,65,js,f37d20fd,mkalsi13,2025-10-31,19:36:38,-07:00,2025-10-31T19:36:38-07:00,3,22
projects\projects.js,66,js,f37d20fd,mkalsi13,2025-10-31,19:36:38,-07:00,2025-10-31T19:36:38-07:00,4,41
projects\projects.js,67,js,f37d20fd,mkalsi13,2025-10-31,19:36:38,-07:00,2025-10-31T19:36:38-07:00,5,18
projects\projects.js,68,js,f37d20fd,mkalsi13,2025-10-31,19:36:38,-07:00,2025-10-31T19:36:38-07:00,5,23
projects\projects.js,69,js,f37d20fd,mkalsi13,2025-10-31,19:36:38,-07:00,2025-10-31T19:36:38-07:00,5,45
projects\projects.js,70,js,f37d20fd,mkalsi13,2025-10-31,19:36:38,-07:00,2025-10-31T19:36:38-07:00,5,47
projects\projects.js,71,js,f37d20fd,mkalsi13,2025-10-31,19:36:38,-07:00,2025-10-31T19:36:38-07:00,5,48
projects\projects.js,72,js,f37d20fd,mkalsi13,2025-10-31,19:36:38,-07:00,2025-10-31T19:36:38-07:00,5,23
projects\projects.js,73,js,f37d20fd,mkalsi13,2025-10-31,19:36:38,-07:00,2025-10-31T19:36:38-07:00,4,0
projects\projects.js,74,js,f37d20fd,mkalsi13,2025-10-31,19:36:38,-07:00,2025-10-31T19:36:38-07:00,3,1
projects\projects.js,75,js,f37d20fd,mkalsi13,2025-10-31,19:36:38,-07:00,2025-10-31T19:36:38-07:00,1,1
projects\projects.js,76,js,f37d20fd,mkalsi13,2025-10-31,19:36:38,-07:00,2025-10-31T19:36:38-07:00,1,22
projects\projects.js,77,js,f37d20fd,mkalsi13,2025-10-31,19:36:38,-07:00,2025-10-31T19:36:38-07:00,2,4
projects\projects.js,78,js,f37d20fd,mkalsi13,2025-10-31,19:36:38,-07:00,2025-10-31T19:36:38-07:00,3,11
projects\projects.js,79,js,f37d20fd,mkalsi13,2025-10-31,19:36:38,-07:00,2025-10-31T19:36:38-07:00,3,53
projects\projects.js,80,js,f37d20fd,mkalsi13,2025-10-31,19:36:38,-07:00,2025-10-31T19:36:38-07:00,3,21
projects\projects.js,81,js,f37d20fd,mkalsi13,2025-10-31,19:36:38,-07:00,2025-10-31T19:36:38-07:00,3,18
projects\projects.js,82,js,f37d20fd,mkalsi13,2025-10-31,19:36:38,-07:00,2025-10-31T19:36:38-07:00,3,87
projects\projects.js,83,js,f37d20fd,mkalsi13,2025-10-31,19:36:38,-07:00,2025-10-31T19:36:38-07:00,3,18
projects\projects.js,84,js,f37d20fd,mkalsi13,2025-10-31,19:36:38,-07:00,2025-10-31T19:36:38-07:00,4,55
projects\projects.js,85,js,f37d20fd,mkalsi13,2025-10-31,19:36:38,-07:00,2025-10-31T19:36:38-07:00,4,47
projects\projects.js,86,js,f37d20fd,mkalsi13,2025-10-31,19:36:38,-07:00,2025-10-31T19:36:38-07:00,4,48
projects\projects.js,87,js,f37d20fd,mkalsi13,2025-10-31,19:36:38,-07:00,2025-10-31T19:36:38-07:00,4,23
projects\projects.js,88,js,f37d20fd,mkalsi13,2025-10-31,19:36:38,-07:00,2025-10-31T19:36:38-07:00,3,0
projects\projects.js,89,js,f37d20fd,mkalsi13,2025-10-31,19:36:38,-07:00,2025-10-31T19:36:38-07:00,3,22
projects\projects.js,90,js,f37d20fd,mkalsi13,2025-10-31,19:36:38,-07:00,2025-10-31T19:36:38-07:00,4,41
projects\projects.js,91,js,f37d20fd,mkalsi13,2025-10-31,19:36:38,-07:00,2025-10-31T19:36:38-07:00,5,18
projects\projects.js,92,js,f37d20fd,mkalsi13,2025-10-31,19:36:38,-07:00,2025-10-31T19:36:38-07:00,5,55
projects\projects.js,93,js,f37d20fd,mkalsi13,2025-10-31,19:36:38,-07:00,2025-10-31T19:36:38-07:00,5,47
projects\projects.js,94,js,f37d20fd,mkalsi13,2025-10-31,19:36:38,-07:00,2025-10-31T19:36:38-07:00,5,48
projects\projects.js,95,js,f37d20fd,mkalsi13,2025-10-31,19:36:38,-07:00,2025-10-31T19:36:38-07:00,5,23
projects\projects.js,96,js,f37d20fd,mkalsi13,2025-10-31,19:36:38,-07:00,2025-10-31T19:36:38-07:00,4,0
projects\projects.js,97,js,f37d20fd,mkalsi13,2025-10-31,19:36:38,-07:00,2025-10-31T19:36:38-07:00,3,1
projects\projects.js,98,js,f37d20fd,mkalsi13,2025-10-31,19:36:38,-07:00,2025-10-31T19:36:38-07:00,1,1
projects\projects.js,99,js,f37d20fd,mkalsi13,2025-10-31,19:36:38,-07:00,2025-10-31T19:36:38-07:00,1,23
projects\projects.js,100,js,f37d20fd,mkalsi13,2025-10-31,19:36:38,-07:00,2025-10-31T19:36:38-07:00,0,0
projects\projects.js,101,js,f37d20fd,mkalsi13,2025-10-31,19:36:38,-07:00,2025-10-31T19:36:38-07:00,0,0
projects\projects.js,102,js,f37d20fd,mkalsi13,2025-10-31,19:36:38,-07:00,2025-10-31T19:36:38-07:00,0,33
projects\projects.js,103,js,f37d20fd,mkalsi13,2025-10-31,19:36:38,-07:00,2025-10-31T19:36:38-07:00,1,34
projects\projects.js,104,js,f37d20fd,mkalsi13,2025-10-31,19:36:38,-07:00,2025-10-31T19:36:38-07:00,1,35
projects\projects.js,105,js,f37d20fd,mkalsi13,2025-10-31,19:36:38,-07:00,2025-10-31T19:36:38-07:00,1,39
projects\projects.js,106,js,f37d20fd,mkalsi13,2025-10-31,19:36:38,-07:00,2025-10-31T19:36:38-07:00,1,31
projects\projects.js,107,js,f37d20fd,mkalsi13,2025-10-31,19:36:38,-07:00,2025-10-31T19:36:38-07:00,2,40
projects\projects.js,108,js,f37d20fd,mkalsi13,2025-10-31,19:36:38,-07:00,2025-10-31T19:36:38-07:00,2,61
projects\projects.js,109,js,f37d20fd,mkalsi13,2025-10-31,19:36:38,-07:00,2025-10-31T19:36:38-07:00,1,1
projects\projects.js,110,js,f37d20fd,mkalsi13,2025-10-31,19:36:38,-07:00,2025-10-31T19:36:38-07:00,1,29
projects\projects.js,111,js,f37d20fd,mkalsi13,2025-10-31,19:36:38,-07:00,2025-10-31T19:36:38-07:00,2,23
projects\projects.js,112,js,f37d20fd,mkalsi13,2025-10-31,19:36:38,-07:00,2025-10-31T19:36:38-07:00,2,61
projects\projects.js,113,js,f37d20fd,mkalsi13,2025-10-31,19:36:38,-07:00,2025-10-31T19:36:38-07:00,1,1
projects\projects.js,114,js,f37d20fd,mkalsi13,2025-10-31,19:36:38,-07:00,2025-10-31T19:36:38-07:00,0,0
projects\projects.js,115,js,f37d20fd,mkalsi13,2025-10-31,19:36:38,-07:00,2025-10-31T19:36:38-07:00,0,0
projects\projects.js,116,js,f37d20fd,mkalsi13,2025-10-31,19:36:38,-07:00,2025-10-31T19:36:38-07:00,0,45
projects\projects.js,117,js,f37d20fd,mkalsi13,2025-10-31,19:36:38,-07:00,2025-10-31T19:36:38-07:00,1,27
projects\projects.js,118,js,f37d20fd,mkalsi13,2025-10-31,19:36:38,-07:00,2025-10-31T19:36:38-07:00,1,44
projects\projects.js,119,js,f37d20fd,mkalsi13,2025-10-31,19:36:38,-07:00,2025-10-31T19:36:38-07:00,1,48
projects\projects.js,120,js,f37d20fd,mkalsi13,2025-10-31,19:36:38,-07:00,2025-10-31T19:36:38-07:00,1,23
projects\projects.js,121,js,f37d20fd,mkalsi13,2025-10-31,19:36:38,-07:00,2025-10-31T19:36:38-07:00,0,1
projects\projects.js,122,js,f37d20fd,mkalsi13,2025-10-31,19:36:38,-07:00,2025-10-31T19:36:38-07:00,0,0
projects\projects.js,123,js,f37d20fd,mkalsi13,2025-10-31,19:36:38,-07:00,2025-10-31T19:36:38-07:00,0,51
projects\projects.js,124,js,f37d20fd,mkalsi13,2025-10-31,19:36:38,-07:00,2025-10-31T19:36:38-07:00,0,24
projects\projects.js,125,js,f37d20fd,mkalsi13,2025-10-31,19:36:38,-07:00,2025-10-31T19:36:38-07:00,1,17
projects\projects.js,126,js,f37d20fd,mkalsi13,2025-10-31,19:36:38,-07:00,2025-10-31T19:36:38-07:00,1,43
projects\projects.js,127,js,f37d20fd,mkalsi13,2025-10-31,19:36:38,-07:00,2025-10-31T19:36:38-07:00,1,47
projects\projects.js,128,js,f37d20fd,mkalsi13,2025-10-31,19:36:38,-07:00,2025-10-31T19:36:38-07:00,1,22
projects\projects.js,129,js,f37d20fd,mkalsi13,2025-10-31,19:36:38,-07:00,2025-10-31T19:36:38-07:00,0,6
projects\projects.js,130,js,f37d20fd,mkalsi13,2025-10-31,19:36:38,-07:00,2025-10-31T19:36:38-07:00,1,57
projects\projects.js,131,js,2fcd4a99,mkalsi13,2025-10-24,22:26:18,-07:00,2025-10-24T22:26:18-07:00,0,0
projects\index.html,1,html,d9ac892d,mkalsi13,2025-10-03,22:48:40,-07:00,2025-10-03T22:48:40-07:00,0,13
projects\index.html,2,html,d9ac892d,mkalsi13,2025-10-03,22:48:40,-07:00,2025-10-03T22:48:40-07:00,0,14
projects\index.html,3,html,d9ac892d,mkalsi13,2025-10-03,22:48:40,-07:00,2025-10-03T22:48:40-07:00,0,4
projects\index.html,4,html,305162fc,mkalsi13,2025-10-10,22:27:35,-07:00,2025-10-10T22:27:35-07:00,1,20
projects\index.html,5,html,305162fc,mkalsi13,2025-10-10,22:27:35,-07:00,2025-10-10T22:27:35-07:00,1,66
projects\index.html,6,html,f37d20fd,mkalsi13,2025-10-31,19:36:38,-07:00,2025-10-31T19:36:38-07:00,1,21
projects\index.html,7,html,305162fc,mkalsi13,2025-10-10,22:27:35,-07:00,2025-10-10T22:27:35-07:00,1,41
projects\index.html,8,html,d9ac892d,mkalsi13,2025-10-03,22:48:40,-07:00,2025-10-03T22:48:40-07:00,0,5
projects\index.html,9,html,d9ac892d,mkalsi13,2025-10-03,22:48:40,-07:00,2025-10-03T22:48:40-07:00,0,4
projects\index.html,10,html,305162fc,mkalsi13,2025-10-10,22:27:35,-07:00,2025-10-10T22:27:35-07:00,1,4
projects\index.html,11,html,f37d20fd,mkalsi13,2025-10-31,19:36:38,-07:00,2025-10-31T19:36:38-07:00,2,38
projects\index.html,12,html,f37d20fd,mkalsi13,2025-10-31,19:36:38,-07:00,2025-10-31T19:36:38-07:00,2,54
projects\index.html,13,html,f37d20fd,mkalsi13,2025-10-31,19:36:38,-07:00,2025-10-31T19:36:38-07:00,3,57
projects\index.html,14,html,f37d20fd,mkalsi13,2025-10-31,19:36:38,-07:00,2025-10-31T19:36:38-07:00,3,91
projects\index.html,15,html,f37d20fd,mkalsi13,2025-10-31,19:36:38,-07:00,2025-10-31T19:36:38-07:00,4,45
projects\index.html,16,html,f37d20fd,mkalsi13,2025-10-31,19:36:38,-07:00,2025-10-31T19:36:38-07:00,3,4
projects\index.html,17,html,f37d20fd,mkalsi13,2025-10-31,19:36:38,-07:00,2025-10-31T19:36:38-07:00,3,61
projects\index.html,18,html,305162fc,mkalsi13,2025-10-10,22:27:35,-07:00,2025-10-10T22:27:35-07:00,2,8
projects\index.html,19,html,f37d20fd,mkalsi13,2025-10-31,19:36:38,-07:00,2025-10-31T19:36:38-07:00,2,29
projects\index.html,20,html,f37d20fd,mkalsi13,2025-10-31,19:36:38,-07:00,2025-10-31T19:36:38-07:00,3,100
projects\index.html,21,html,f37d20fd,mkalsi13,2025-10-31,19:36:38,-07:00,2025-10-31T19:36:38-07:00,2,4
projects\index.html,22,html,f37d20fd,mkalsi13,2025-10-31,19:36:38,-07:00,2025-10-31T19:36:38-07:00,2,26
projects\index.html,23,html,d9ac892d,mkalsi13,2025-10-03,22:48:40,-07:00,2025-10-03T22:48:40-07:00,1,5
projects\index.html,24,html,bbf03db7,mkalsi13,2025-10-17,23:03:31,-07:00,2025-10-17T23:03:31-07:00,1,48
projects\index.html,25,html,f37d20fd,mkalsi13,2025-10-31,19:36:38,-07:00,2025-10-31T19:36:38-07:00,1,49
projects\index.html,26,html,d9ac892d,mkalsi13,2025-10-03,22:48:40,-07:00,2025-10-03T22:48:40-07:00,0,5
projects\index.html,27,html,d9ac892d,mkalsi13,2025-10-03,22:48:40,-07:00,2025-10-03T22:48:40-07:00,0,5
projects\index.html,28,html,f37d20fd,mkalsi13,2025-10-31,19:36:38,-07:00,2025-10-31T19:36:38-07:00,0,0
projects\index.html,29,html,f37d20fd,mkalsi13,2025-10-31,19:36:38,-07:00,2025-10-31T19:36:38-07:00,0,5
project2\project2_report.html,1,html,91ff6e42,mkalsi13,2025-10-24,20:29:52,-07:00,2025-10-24T20:29:52-07:00,0,13
project2\project2_report.html,2,html,91ff6e42,mkalsi13,2025-10-24,20:29:52,-07:00,2025-10-24T20:29:52-07:00,0,14
project2\project2_report.html,3,html,91ff6e42,mkalsi13,2025-10-24,20:29:52,-07:00,2025-10-24T20:29:52-07:00,1,4
project2\project2_report.html,4,html,91ff6e42,mkalsi13,2025-10-24,20:29:52,-07:00,2025-10-24T20:29:52-07:00,2,29
project2\project2_report.html,5,html,91ff6e42,mkalsi13,2025-10-24,20:29:52,-07:00,2025-10-24T20:29:52-07:00,2,5
project2\project2_report.html,6,html,91ff6e42,mkalsi13,2025-10-24,20:29:52,-07:00,2025-10-24T20:29:52-07:00,3,5
project2\project2_report.html,7,html,91ff6e42,mkalsi13,2025-10-24,20:29:52,-07:00,2025-10-24T20:29:52-07:00,4,35
project2\project2_report.html,8,html,91ff6e42,mkalsi13,2025-10-24,20:29:52,-07:00,2025-10-24T20:29:52-07:00,4,35
project2\project2_report.html,9,html,91ff6e42,mkalsi13,2025-10-24,20:29:52,-07:00,2025-10-24T20:29:52-07:00,4,35
project2\project2_report.html,10,html,91ff6e42,mkalsi13,2025-10-24,20:29:52,-07:00,2025-10-24T20:29:52-07:00,4,35
project2\project2_report.html,11,html,91ff6e42,mkalsi13,2025-10-24,20:29:52,-07:00,2025-10-24T20:29:52-07:00,4,35
project2\project2_report.html,12,html,91ff6e42,mkalsi13,2025-10-24,20:29:52,-07:00,2025-10-24T20:29:52-07:00,4,35
project2\project2_report.html,13,html,91ff6e42,mkalsi13,2025-10-24,20:29:52,-07:00,2025-10-24T20:29:52-07:00,4,35
project2\project2_report.html,14,html,91ff6e42,mkalsi13,2025-10-24,20:29:52,-07:00,2025-10-24T20:29:52-07:00,4,35
project2\project2_report.html,15,html,91ff6e42,mkalsi13,2025-10-24,20:29:52,-07:00,2025-10-24T20:29:52-07:00,4,35
project2\project2_report.html,16,html,91ff6e42,mkalsi13,2025-10-24,20:29:52,-07:00,2025-10-24T20:29:52-07:00,4,35
project2\project2_report.html,17,html,91ff6e42,mkalsi13,2025-10-24,20:29:52,-07:00,2025-10-24T20:29:52-07:00,3,0
project2\project2_report.html,18,html,91ff6e42,mkalsi13,2025-10-24,20:29:52,-07:00,2025-10-24T20:29:52-07:00,0,0
project2\project2_report.html,19,html,91ff6e42,mkalsi13,2025-10-24,20:29:52,-07:00,2025-10-24T20:29:52-07:00,3,4
project2\project2_report.html,20,html,91ff6e42,mkalsi13,2025-10-24,20:29:52,-07:00,2025-10-24T20:29:52-07:00,4,23
project2\project2_report.html,21,html,91ff6e42,mkalsi13,2025-10-24,20:29:52,-07:00,2025-10-24T20:29:52-07:00,4,20
project2\project2_report.html,22,html,91ff6e42,mkalsi13,2025-10-24,20:29:52,-07:00,2025-10-24T20:29:52-07:00,4,34
project2\project2_report.html,23,html,91ff6e42,mkalsi13,2025-10-24,20:29:52,-07:00,2025-10-24T20:29:52-07:00,4,25
project2\project2_report.html,24,html,91ff6e42,mkalsi13,2025-10-24,20:29:52,-07:00,2025-10-24T20:29:52-07:00,4,13
project2\project2_report.html,25,html,91ff6e42,mkalsi13,2025-10-24,20:29:52,-07:00,2025-10-24T20:29:52-07:00,3,0
project2\project2_report.html,26,html,91ff6e42,mkalsi13,2025-10-24,20:29:52,-07:00,2025-10-24T20:29:52-07:00,0,0
project2\project2_report.html,27,html,91ff6e42,mkalsi13,2025-10-24,20:29:52,-07:00,2025-10-24T20:29:52-07:00,3,12
project2\project2_report.html,28,html,91ff6e42,mkalsi13,2025-10-24,20:29:52,-07:00,2025-10-24T20:29:52-07:00,0,0
project2\project2_report.html,29,html,91ff6e42,mkalsi13,2025-10-24,20:29:52,-07:00,2025-10-24T20:29:52-07:00,3,1
project2\project2_report.html,30,html,91ff6e42,mkalsi13,2025-10-24,20:29:52,-07:00,2025-10-24T20:29:52-07:00,3,1
project2\project2_report.html,31,html,91ff6e42,mkalsi13,2025-10-24,20:29:52,-07:00,2025-10-24T20:29:52-07:00,3,1
project2\project2_report.html,32,html,91ff6e42,mkalsi13,2025-10-24,20:29:52,-07:00,2025-10-24T20:29:52-07:00,3,1
project2\project2_report.html,33,html,91ff6e42,mkalsi13,2025-10-24,20:29:52,-07:00,2025-10-24T20:29:52-07:00,3,1
project2\project2_report.html,34,html,91ff6e42,mkalsi13,2025-10-24,20:29:52,-07:00,2025-10-24T20:29:52-07:00,3,2
project2\project2_report.html,35,html,91ff6e42,mkalsi13,2025-10-24,20:29:52,-07:00,2025-10-24T20:29:52-07:00,4,15
project2\project2_report.html,36,html,91ff6e42,mkalsi13,2025-10-24,20:29:52,-07:00,2025-10-24T20:29:52-07:00,4,15
project2\project2_report.html,37,html,91ff6e42,mkalsi13,2025-10-24,20:29:52,-07:00,2025-10-24T20:29:52-07:00,4,17
project2\project2_report.html,38,html,91ff6e42,mkalsi13,2025-10-24,20:29:52,-07:00,2025-10-24T20:29:52-07:00,3,0
project2\project2_report.html,39,html,91ff6e42,mkalsi13,2025-10-24,20:29:52,-07:00,2025-10-24T20:29:52-07:00,0,0
project2\project2_report.html,40,html,91ff6e42,mkalsi13,2025-10-24,20:29:52,-07:00,2025-10-24T20:29:52-07:00,3,1
project2\project2_report.html,41,html,91ff6e42,mkalsi13,2025-10-24,20:29:52,-07:00,2025-10-24T20:29:52-07:00,3,2
project2\project2_report.html,42,html,91ff6e42,mkalsi13,2025-10-24,20:29:52,-07:00,2025-10-24T20:29:52-07:00,4,47
project2\project2_report.html,43,html,91ff6e42,mkalsi13,2025-10-24,20:29:52,-07:00,2025-10-24T20:29:52-07:00,4,20
project2\project2_report.html,44,html,91ff6e42,mkalsi13,2025-10-24,20:29:52,-07:00,2025-10-24T20:29:52-07:00,3,0
project2\project2_report.html,45,html,91ff6e42,mkalsi13,2025-10-24,20:29:52,-07:00,2025-10-24T20:29:52-07:00,0,0
project2\project2_report.html,46,html,91ff6e42,mkalsi13,2025-10-24,20:29:52,-07:00,2025-10-24T20:29:52-07:00,3,2
project2\project2_report.html,47,html,91ff6e42,mkalsi13,2025-10-24,20:29:52,-07:00,2025-10-24T20:29:52-07:00,4,23
project2\project2_report.html,48,html,91ff6e42,mkalsi13,2025-10-24,20:29:52,-07:00,2025-10-24T20:29:52-07:00,4,48
project2\project2_report.html,49,html,91ff6e42,mkalsi13,2025-10-24,20:29:52,-07:00,2025-10-24T20:29:52-07:00,4,15
project2\project2_report.html,50,html,91ff6e42,mkalsi13,2025-10-24,20:29:52,-07:00,2025-10-24T20:29:52-07:00,0,0
project2\project2_report.html,51,html,91ff6e42,mkalsi13,2025-10-24,20:29:52,-07:00,2025-10-24T20:29:52-07:00,4,5
project2\project2_report.html,52,html,91ff6e42,mkalsi13,2025-10-24,20:29:52,-07:00,2025-10-24T20:29:52-07:00,5,13
project2\project2_report.html,53,html,91ff6e42,mkalsi13,2025-10-24,20:29:52,-07:00,2025-10-24T20:29:52-07:00,5,17
project2\project2_report.html,54,html,91ff6e42,mkalsi13,2025-10-24,20:29:52,-07:00,2025-10-24T20:29:52-07:00,5,19
project2\project2_report.html,55,html,91ff6e42,mkalsi13,2025-10-24,20:29:52,-07:00,2025-10-24T20:29:52-07:00,5,18
project2\project2_report.html,56,html,91ff6e42,mkalsi13,2025-10-24,20:29:52,-07:00,2025-10-24T20:29:52-07:00,5,11
project2\project2_report.html,57,html,91ff6e42,mkalsi13,2025-10-24,20:29:52,-07:00,2025-10-24T20:29:52-07:00,5,34
project2\project2_report.html,58,html,91ff6e42,mkalsi13,2025-10-24,20:29:52,-07:00,2025-10-24T20:29:52-07:00,5,13
project2\project2_report.html,59,html,91ff6e42,mkalsi13,2025-10-24,20:29:52,-07:00,2025-10-24T20:29:52-07:00,5,24
project2\project2_report.html,60,html,91ff6e42,mkalsi13,2025-10-24,20:29:52,-07:00,2025-10-24T20:29:52-07:00,5,18
project2\project2_report.html,61,html,91ff6e42,mkalsi13,2025-10-24,20:29:52,-07:00,2025-10-24T20:29:52-07:00,4,0
project2\project2_report.html,62,html,91ff6e42,mkalsi13,2025-10-24,20:29:52,-07:00,2025-10-24T20:29:52-07:00,3,0
project2\project2_report.html,63,html,91ff6e42,mkalsi13,2025-10-24,20:29:52,-07:00,2025-10-24T20:29:52-07:00,0,0
project2\project2_report.html,64,html,91ff6e42,mkalsi13,2025-10-24,20:29:52,-07:00,2025-10-24T20:29:52-07:00,3,2
project2\project2_report.html,65,html,91ff6e42,mkalsi13,2025-10-24,20:29:52,-07:00,2025-10-24T20:29:52-07:00,4,14
project2\project2_report.html,66,html,91ff6e42,mkalsi13,2025-10-24,20:29:52,-07:00,2025-10-24T20:29:52-07:00,4,29
project2\project2_report.html,67,html,91ff6e42,mkalsi13,2025-10-24,20:29:52,-07:00,2025-10-24T20:29:52-07:00,3,0
project2\project2_report.html,68,html,91ff6e42,mkalsi13,2025-10-24,20:29:52,-07:00,2025-10-24T20:29:52-07:00,0,0
project2\project2_report.html,69,html,91ff6e42,mkalsi13,2025-10-24,20:29:52,-07:00,2025-10-24T20:29:52-07:00,3,2
project2\project2_report.html,70,html,91ff6e42,mkalsi13,2025-10-24,20:29:52,-07:00,2025-10-24T20:29:52-07:00,4,14
project2\project2_report.html,71,html,91ff6e42,mkalsi13,2025-10-24,20:29:52,-07:00,2025-10-24T20:29:52-07:00,3,0
project2\project2_report.html,72,html,91ff6e42,mkalsi13,2025-10-24,20:29:52,-07:00,2025-10-24T20:29:52-07:00,0,0
project2\project2_report.html,73,html,91ff6e42,mkalsi13,2025-10-24,20:29:52,-07:00,2025-10-24T20:29:52-07:00,3,9
project2\project2_report.html,74,html,91ff6e42,mkalsi13,2025-10-24,20:29:52,-07:00,2025-10-24T20:29:52-07:00,0,0
project2\project2_report.html,75,html,91ff6e42,mkalsi13,2025-10-24,20:29:52,-07:00,2025-10-24T20:29:52-07:00,3,1
project2\project2_report.html,76,html,91ff6e42,mkalsi13,2025-10-24,20:29:52,-07:00,2025-10-24T20:29:52-07:00,3,2
project2\project2_report.html,77,html,91ff6e42,mkalsi13,2025-10-24,20:29:52,-07:00,2025-10-24T20:29:52-07:00,4,24
project2\project2_report.html,78,html,91ff6e42,mkalsi13,2025-10-24,20:29:52,-07:00,2025-10-24T20:29:52-07:00,3,0
project2\project2_report.html,79,html,91ff6e42,mkalsi13,2025-10-24,20:29:52,-07:00,2025-10-24T20:29:52-07:00,0,0
project2\project2_report.html,80,html,91ff6e42,mkalsi13,2025-10-24,20:29:52,-07:00,2025-10-24T20:29:52-07:00,3,2
project2\project2_report.html,81,html,91ff6e42,mkalsi13,2025-10-24,20:29:52,-07:00,2025-10-24T20:29:52-07:00,4,9
project2\project2_report.html,82,html,91ff6e42,mkalsi13,2025-10-24,20:29:52,-07:00,2025-10-24T20:29:52-07:00,5,29
project2\project2_report.html,83,html,91ff6e42,mkalsi13,2025-10-24,20:29:52,-07:00,2025-10-24T20:29:52-07:00,4,0
project2\project2_report.html,84,html,91ff6e42,mkalsi13,2025-10-24,20:29:52,-07:00,2025-10-24T20:29:52-07:00,0,0
project2\project2_report.html,85,html,91ff6e42,mkalsi13,2025-10-24,20:29:52,-07:00,2025-10-24T20:29:52-07:00,4,4
project2\project2_report.html,86,html,91ff6e42,mkalsi13,2025-10-24,20:29:52,-07:00,2025-10-24T20:29:52-07:00,5,16
project2\project2_report.html,87,html,91ff6e42,mkalsi13,2025-10-24,20:29:52,-07:00,2025-10-24T20:29:52-07:00,4,0
project2\project2_report.html,88,html,91ff6e42,mkalsi13,2025-10-24,20:29:52,-07:00,2025-10-24T20:29:52-07:00,3,0
project2\project2_report.html,89,html,91ff6e42,mkalsi13,2025-10-24,20:29:52,-07:00,2025-10-24T20:29:52-07:00,0,0
project2\project2_report.html,90,html,91ff6e42,mkalsi13,2025-10-24,20:29:52,-07:00,2025-10-24T20:29:52-07:00,3,23
project2\project2_report.html,91,html,91ff6e42,mkalsi13,2025-10-24,20:29:52,-07:00,2025-10-24T20:29:52-07:00,0,0
project2\project2_report.html,92,html,91ff6e42,mkalsi13,2025-10-24,20:29:52,-07:00,2025-10-24T20:29:52-07:00,3,6
project2\project2_report.html,93,html,91ff6e42,mkalsi13,2025-10-24,20:29:52,-07:00,2025-10-24T20:29:52-07:00,4,17
project2\project2_report.html,94,html,91ff6e42,mkalsi13,2025-10-24,20:29:52,-07:00,2025-10-24T20:29:52-07:00,4,17
project2\project2_report.html,95,html,91ff6e42,mkalsi13,2025-10-24,20:29:52,-07:00,2025-10-24T20:29:52-07:00,3,0
project2\project2_report.html,96,html,91ff6e42,mkalsi13,2025-10-24,20:29:52,-07:00,2025-10-24T20:29:52-07:00,0,0
project2\project2_report.html,97,html,91ff6e42,mkalsi13,2025-10-24,20:29:52,-07:00,2025-10-24T20:29:52-07:00,3,4
project2\project2_report.html,98,html,91ff6e42,mkalsi13,2025-10-24,20:29:52,-07:00,2025-10-24T20:29:52-07:00,4,16
project2\project2_report.html,99,html,91ff6e42,mkalsi13,2025-10-24,20:29:52,-07:00,2025-10-24T20:29:52-07:00,4,29
project2\project2_report.html,100,html,91ff6e42,mkalsi13,2025-10-24,20:29:52,-07:00,2025-10-24T20:29:52-07:00,4,18
project2\project2_report.html,101,html,91ff6e42,mkalsi13,2025-10-24,20:29:52,-07:00,2025-10-24T20:29:52-07:00,4,19
project2\project2_report.html,102,html,91ff6e42,mkalsi13,2025-10-24,20:29:52,-07:00,2025-10-24T20:29:52-07:00,3,0
project2\project2_report.html,103,html,91ff6e42,mkalsi13,2025-10-24,20:29:52,-07:00,2025-10-24T20:29:52-07:00,0,0
project2\project2_report.html,104,html,91ff6e42,mkalsi13,2025-10-24,20:29:52,-07:00,2025-10-24T20:29:52-07:00,3,11
project2\project2_report.html,105,html,91ff6e42,mkalsi13,2025-10-24,20:29:52,-07:00,2025-10-24T20:29:52-07:00,0,0
project2\project2_report.html,106,html,91ff6e42,mkalsi13,2025-10-24,20:29:52,-07:00,2025-10-24T20:29:52-07:00,3,6
project2\project2_report.html,107,html,91ff6e42,mkalsi13,2025-10-24,20:29:52,-07:00,2025-10-24T20:29:52-07:00,4,12
project2\project2_report.html,108,html,91ff6e42,mkalsi13,2025-10-24,20:29:52,-07:00,2025-10-24T20:29:52-07:00,4,14
project2\project2_report.html,109,html,91ff6e42,mkalsi13,2025-10-24,20:29:52,-07:00,2025-10-24T20:29:52-07:00,4,20
project2\project2_report.html,110,html,91ff6e42,mkalsi13,2025-10-24,20:29:52,-07:00,2025-10-24T20:29:52-07:00,4,40
project2\project2_report.html,111,html,91ff6e42,mkalsi13,2025-10-24,20:29:52,-07:00,2025-10-24T20:29:52-07:00,4,48
project2\project2_report.html,112,html,91ff6e42,mkalsi13,2025-10-24,20:29:52,-07:00,2025-10-24T20:29:52-07:00,4,17
project2\project2_report.html,113,html,91ff6e42,mkalsi13,2025-10-24,20:29:52,-07:00,2025-10-24T20:29:52-07:00,4,16
project2\project2_report.html,114,html,91ff6e42,mkalsi13,2025-10-24,20:29:52,-07:00,2025-10-24T20:29:52-07:00,0,0
project2\project2_report.html,115,html,91ff6e42,mkalsi13,2025-10-24,20:29:52,-07:00,2025-10-24T20:29:52-07:00,4,12
project2\project2_report.html,116,html,91ff6e42,mkalsi13,2025-10-24,20:29:52,-07:00,2025-10-24T20:29:52-07:00,5,29
project2\project2_report.html,117,html,91ff6e42,mkalsi13,2025-10-24,20:29:52,-07:00,2025-10-24T20:29:52-07:00,5,34
project2\project2_report.html,118,html,91ff6e42,mkalsi13,2025-10-24,20:29:52,-07:00,2025-10-24T20:29:52-07:00,5,14
project2\project2_report.html,119,html,91ff6e42,mkalsi13,2025-10-24,20:29:52,-07:00,2025-10-24T20:29:52-07:00,5,14
project2\project2_report.html,120,html,91ff6e42,mkalsi13,2025-10-24,20:29:52,-07:00,2025-10-24T20:29:52-07:00,5,17
project2\project2_report.html,121,html,91ff6e42,mkalsi13,2025-10-24,20:29:52,-07:00,2025-10-24T20:29:52-07:00,5,24
project2\project2_report.html,122,html,91ff6e42,mkalsi13,2025-10-24,20:29:52,-07:00,2025-10-24T20:29:52-07:00,5,15
project2\project2_report.html,123,html,91ff6e42,mkalsi13,2025-10-24,20:29:52,-07:00,2025-10-24T20:29:52-07:00,0,0
project2\project2_report.html,124,html,91ff6e42,mkalsi13,2025-10-24,20:29:52,-07:00,2025-10-24T20:29:52-07:00,5,9
project2\project2_report.html,125,html,91ff6e42,mkalsi13,2025-10-24,20:29:52,-07:00,2025-10-24T20:29:52-07:00,6,38
project2\project2_report.html,126,html,91ff6e42,mkalsi13,2025-10-24,20:29:52,-07:00,2025-10-24T20:29:52-07:00,6,16
project2\project2_report.html,127,html,91ff6e42,mkalsi13,2025-10-24,20:29:52,-07:00,2025-10-24T20:29:52-07:00,6,29
project2\project2_report.html,128,html,91ff6e42,mkalsi13,2025-10-24,20:29:52,-07:00,2025-10-24T20:29:52-07:00,5,0
project2\project2_report.html,129,html,91ff6e42,mkalsi13,2025-10-24,20:29:52,-07:00,2025-10-24T20:29:52-07:00,0,0
project2\project2_report.html,130,html,91ff6e42,mkalsi13,2025-10-24,20:29:52,-07:00,2025-10-24T20:29:52-07:00,5,30
project2\project2_report.html,131,html,91ff6e42,mkalsi13,2025-10-24,20:29:52,-07:00,2025-10-24T20:29:52-07:00,6,13
project2\project2_report.html,132,html,91ff6e42,mkalsi13,2025-10-24,20:29:52,-07:00,2025-10-24T20:29:52-07:00,6,25
project2\project2_report.html,133,html,91ff6e42,mkalsi13,2025-10-24,20:29:52,-07:00,2025-10-24T20:29:52-07:00,6,31
project2\project2_report.html,134,html,91ff6e42,mkalsi13,2025-10-24,20:29:52,-07:00,2025-10-24T20:29:52-07:00,7,5
project2\project2_report.html,135,html,91ff6e42,mkalsi13,2025-10-24,20:29:52,-07:00,2025-10-24T20:29:52-07:00,7,11
project2\project2_report.html,136,html,91ff6e42,mkalsi13,2025-10-24,20:29:52,-07:00,2025-10-24T20:29:52-07:00,7,13
project2\project2_report.html,137,html,91ff6e42,mkalsi13,2025-10-24,20:29:52,-07:00,2025-10-24T20:29:52-07:00,6,0
project2\project2_report.html,138,html,91ff6e42,mkalsi13,2025-10-24,20:29:52,-07:00,2025-10-24T20:29:52-07:00,5,0
project2\project2_report.html,139,html,91ff6e42,mkalsi13,2025-10-24,20:29:52,-07:00,2025-10-24T20:29:52-07:00,4,0
project2\project2_report.html,140,html,91ff6e42,mkalsi13,2025-10-24,20:29:52,-07:00,2025-10-24T20:29:52-07:00,3,0
project2\project2_report.html,141,html,91ff6e42,mkalsi13,2025-10-24,20:29:52,-07:00,2025-10-24T20:29:52-07:00,2,6
project2\project2_report.html,142,html,91ff6e42,mkalsi13,2025-10-24,20:29:52,-07:00,2025-10-24T20:29:52-07:00,1,5
project2\project2_report.html,143,html,91ff6e42,mkalsi13,2025-10-24,20:29:52,-07:00,2025-10-24T20:29:52-07:00,0,0
project2\project2_report.html,144,html,91ff6e42,mkalsi13,2025-10-24,20:29:52,-07:00,2025-10-24T20:29:52-07:00,1,4
project2\project2_report.html,145,html,91ff6e42,mkalsi13,2025-10-24,20:29:52,-07:00,2025-10-24T20:29:52-07:00,2,6
project2\project2_report.html,146,html,91ff6e42,mkalsi13,2025-10-24,20:29:52,-07:00,2025-10-24T20:29:52-07:00,3,2
project2\project2_report.html,147,html,91ff6e42,mkalsi13,2025-10-24,20:29:52,-07:00,2025-10-24T20:29:52-07:00,4,25
project2\project2_report.html,148,html,91ff6e42,mkalsi13,2025-10-24,20:29:52,-07:00,2025-10-24T20:29:52-07:00,4,36
project2\project2_report.html,149,html,91ff6e42,mkalsi13,2025-10-24,20:29:52,-07:00,2025-10-24T20:29:52-07:00,3,3
project2\project2_report.html,150,html,91ff6e42,mkalsi13,2025-10-24,20:29:52,-07:00,2025-10-24T20:29:52-07:00,0,0
project2\project2_report.html,151,html,91ff6e42,mkalsi13,2025-10-24,20:29:52,-07:00,2025-10-24T20:29:52-07:00,3,60
project2\project2_report.html,152,html,91ff6e42,mkalsi13,2025-10-24,20:29:52,-07:00,2025-10-24T20:29:52-07:00,2,7
project2\project2_report.html,153,html,91ff6e42,mkalsi13,2025-10-24,20:29:52,-07:00,2025-10-24T20:29:52-07:00,0,0
project2\project2_report.html,154,html,91ff6e42,mkalsi13,2025-10-24,20:29:52,-07:00,2025-10-24T20:29:52-07:00,2,4
project2\project2_report.html,155,html,91ff6e42,mkalsi13,2025-10-24,20:29:52,-07:00,2025-10-24T20:29:52-07:00,3,73
project2\project2_report.html,156,html,91ff6e42,mkalsi13,2025-10-24,20:29:52,-07:00,2025-10-24T20:29:52-07:00,0,0
project2\project2_report.html,157,html,91ff6e42,mkalsi13,2025-10-24,20:29:52,-07:00,2025-10-24T20:29:52-07:00,3,7
project2\project2_report.html,158,html,91ff6e42,mkalsi13,2025-10-24,20:29:52,-07:00,2025-10-24T20:29:52-07:00,4,26
project2\project2_report.html,159,html,91ff6e42,mkalsi13,2025-10-24,20:29:52,-07:00,2025-10-24T20:29:52-07:00,0,0
project2\project2_report.html,160,html,91ff6e42,mkalsi13,2025-10-24,20:29:52,-07:00,2025-10-24T20:29:52-07:00,4,6
project2\project2_report.html,161,html,91ff6e42,mkalsi13,2025-10-24,20:29:52,-07:00,2025-10-24T20:29:52-07:00,5,27
project2\project2_report.html,162,html,91ff6e42,mkalsi13,2025-10-24,20:29:52,-07:00,2025-10-24T20:29:52-07:00,5,106
project2\project2_report.html,163,html,91ff6e42,mkalsi13,2025-10-24,20:29:52,-07:00,2025-10-24T20:29:52-07:00,4,7
project2\project2_report.html,164,html,91ff6e42,mkalsi13,2025-10-24,20:29:52,-07:00,2025-10-24T20:29:52-07:00,0,0
project2\project2_report.html,165,html,91ff6e42,mkalsi13,2025-10-24,20:29:52,-07:00,2025-10-24T20:29:52-07:00,4,36
project2\project2_report.html,166,html,91ff6e42,mkalsi13,2025-10-24,20:29:52,-07:00,2025-10-24T20:29:52-07:00,0,0
project2\project2_report.html,167,html,91ff6e42,mkalsi13,2025-10-24,20:29:52,-07:00,2025-10-24T20:29:52-07:00,4,2
project2\project2_report.html,168,html,91ff6e42,mkalsi13,2025-10-24,20:29:52,-07:00,2025-10-24T20:29:52-07:00,5,86
project2\project2_report.html,169,html,91ff6e42,mkalsi13,2025-10-24,20:29:52,-07:00,2025-10-24T20:29:52-07:00,0,235
project2\project2_report.html,170,html,91ff6e42,mkalsi13,2025-10-24,20:29:52,-07:00,2025-10-24T20:29:52-07:00,5,76
project2\project2_report.html,171,html,91ff6e42,mkalsi13,2025-10-24,20:29:52,-07:00,2025-10-24T20:29:52-07:00,0,225
project2\project2_report.html,172,html,91ff6e42,mkalsi13,2025-10-24,20:29:52,-07:00,2025-10-24T20:29:52-07:00,5,85
project2\project2_report.html,173,html,91ff6e42,mkalsi13,2025-10-24,20:29:52,-07:00,2025-10-24T20:29:52-07:00,0,164
project2\project2_report.html,174,html,91ff6e42,mkalsi13,2025-10-24,20:29:52,-07:00,2025-10-24T20:29:52-07:00,4,3
project2\project2_report.html,175,html,91ff6e42,mkalsi13,2025-10-24,20:29:52,-07:00,2025-10-24T20:29:52-07:00,3,8
project2\project2_report.html,176,html,91ff6e42,mkalsi13,2025-10-24,20:29:52,-07:00,2025-10-24T20:29:52-07:00,0,0
project2\project2_report.html,177,html,91ff6e42,mkalsi13,2025-10-24,20:29:52,-07:00,2025-10-24T20:29:52-07:00,3,7
project2\project2_report.html,178,html,91ff6e42,mkalsi13,2025-10-24,20:29:52,-07:00,2025-10-24T20:29:52-07:00,4,30
project2\project2_report.html,179,html,91ff6e42,mkalsi13,2025-10-24,20:29:52,-07:00,2025-10-24T20:29:52-07:00,0,0
project2\project2_report.html,180,html,91ff6e42,mkalsi13,2025-10-24,20:29:52,-07:00,2025-10-24T20:29:52-07:00,4,6
project2\project2_report.html,181,html,91ff6e42,mkalsi13,2025-10-24,20:29:52,-07:00,2025-10-24T20:29:52-07:00,5,65
project2\project2_report.html,182,html,91ff6e42,mkalsi13,2025-10-24,20:29:52,-07:00,2025-10-24T20:29:52-07:00,5,115
project2\project2_report.html,183,html,91ff6e42,mkalsi13,2025-10-24,20:29:52,-07:00,2025-10-24T20:29:52-07:00,4,7
project2\project2_report.html,184,html,91ff6e42,mkalsi13,2025-10-24,20:29:52,-07:00,2025-10-24T20:29:52-07:00,0,0
project2\project2_report.html,185,html,91ff6e42,mkalsi13,2025-10-24,20:29:52,-07:00,2025-10-24T20:29:52-07:00,4,36
project2\project2_report.html,186,html,91ff6e42,mkalsi13,2025-10-24,20:29:52,-07:00,2025-10-24T20:29:52-07:00,0,0
project2\project2_report.html,187,html,91ff6e42,mkalsi13,2025-10-24,20:29:52,-07:00,2025-10-24T20:29:52-07:00,0,2
project2\project2_report.html,188,html,91ff6e42,mkalsi13,2025-10-24,20:29:52,-07:00,2025-10-24T20:29:52-07:00,0,90
project2\project2_report.html,189,html,91ff6e42,mkalsi13,2025-10-24,20:29:52,-07:00,2025-10-24T20:29:52-07:00,0,185
project2\project2_report.html,190,html,91ff6e42,mkalsi13,2025-10-24,20:29:52,-07:00,2025-10-24T20:29:52-07:00,0,97
project2\project2_report.html,191,html,91ff6e42,mkalsi13,2025-10-24,20:29:52,-07:00,2025-10-24T20:29:52-07:00,0,203
project2\project2_report.html,192,html,91ff6e42,mkalsi13,2025-10-24,20:29:52,-07:00,2025-10-24T20:29:52-07:00,0,78
project2\project2_report.html,193,html,91ff6e42,mkalsi13,2025-10-24,20:29:52,-07:00,2025-10-24T20:29:52-07:00,0,128
project2\project2_report.html,194,html,91ff6e42,mkalsi13,2025-10-24,20:29:52,-07:00,2025-10-24T20:29:52-07:00,0,82
project2\project2_report.html,195,html,91ff6e42,mkalsi13,2025-10-24,20:29:52,-07:00,2025-10-24T20:29:52-07:00,0,159
project2\project2_report.html,196,html,91ff6e42,mkalsi13,2025-10-24,20:29:52,-07:00,2025-10-24T20:29:52-07:00,0,3
project2\project2_report.html,197,html,91ff6e42,mkalsi13,2025-10-24,20:29:52,-07:00,2025-10-24T20:29:52-07:00,3,8
project2\project2_report.html,198,html,91ff6e42,mkalsi13,2025-10-24,20:29:52,-07:00,2025-10-24T20:29:52-07:00,0,0
project2\project2_report.html,199,html,91ff6e42,mkalsi13,2025-10-24,20:29:52,-07:00,2025-10-24T20:29:52-07:00,3,7
project2\project2_report.html,200,html,91ff6e42,mkalsi13,2025-10-24,20:29:52,-07:00,2025-10-24T20:29:52-07:00,4,23
project2\project2_report.html,201,html,91ff6e42,mkalsi13,2025-10-24,20:29:52,-07:00,2025-10-24T20:29:52-07:00,0,0
project2\project2_report.html,202,html,91ff6e42,mkalsi13,2025-10-24,20:29:52,-07:00,2025-10-24T20:29:52-07:00,4,702
project2\project2_report.html,203,html,91ff6e42,mkalsi13,2025-10-24,20:29:52,-07:00,2025-10-24T20:29:52-07:00,0,0
project2\project2_report.html,204,html,91ff6e42,mkalsi13,2025-10-24,20:29:52,-07:00,2025-10-24T20:29:52-07:00,0,388
project2\project2_report.html,205,html,91ff6e42,mkalsi13,2025-10-24,20:29:52,-07:00,2025-10-24T20:29:52-07:00,0,0
project2\project2_report.html,206,html,91ff6e42,mkalsi13,2025-10-24,20:29:52,-07:00,2025-10-24T20:29:52-07:00,0,740
project2\project2_report.html,207,html,91ff6e42,mkalsi13,2025-10-24,20:29:52,-07:00,2025-10-24T20:29:52-07:00,3,8
project2\project2_report.html,208,html,91ff6e42,mkalsi13,2025-10-24,20:29:52,-07:00,2025-10-24T20:29:52-07:00,2,5
project2\project2_report.html,209,html,91ff6e42,mkalsi13,2025-10-24,20:29:52,-07:00,2025-10-24T20:29:52-07:00,1,5
project2\project2_report.html,210,html,91ff6e42,mkalsi13,2025-10-24,20:29:52,-07:00,2025-10-24T20:29:52-07:00,0,5
contact\index.html,1,html,d9ac892d,mkalsi13,2025-10-03,22:48:40,-07:00,2025-10-03T22:48:40-07:00,0,13
contact\index.html,2,html,d9ac892d,mkalsi13,2025-10-03,22:48:40,-07:00,2025-10-03T22:48:40-07:00,0,14
contact\index.html,3,html,d9ac892d,mkalsi13,2025-10-03,22:48:40,-07:00,2025-10-03T22:48:40-07:00,0,4
contact\index.html,4,html,305162fc,mkalsi13,2025-10-10,22:27:35,-07:00,2025-10-10T22:27:35-07:00,1,20
contact\index.html,5,html,305162fc,mkalsi13,2025-10-10,22:27:35,-07:00,2025-10-10T22:27:35-07:00,1,66
contact\index.html,6,html,305162fc,mkalsi13,2025-10-10,22:27:35,-07:00,2025-10-10T22:27:35-07:00,1,34
contact\index.html,7,html,305162fc,mkalsi13,2025-10-10,22:27:35,-07:00,2025-10-10T22:27:35-07:00,1,41
contact\index.html,8,html,d9ac892d,mkalsi13,2025-10-03,22:48:40,-07:00,2025-10-03T22:48:40-07:00,0,5
contact\index.html,9,html,d9ac892d,mkalsi13,2025-10-03,22:48:40,-07:00,2025-10-03T22:48:40-07:00,0,4
contact\index.html,10,html,305162fc,mkalsi13,2025-10-10,22:27:35,-07:00,2025-10-10T22:27:35-07:00,1,4
contact\index.html,11,html,d9ac892d,mkalsi13,2025-10-03,22:48:40,-07:00,2025-10-03T22:48:40-07:00,2,14
contact\index.html,12,html,bbf03db7,mkalsi13,2025-10-17,23:03:31,-07:00,2025-10-17T23:03:31-07:00,2,36
contact\index.html,13,html,d9ac892d,mkalsi13,2025-10-03,22:48:40,-07:00,2025-10-03T22:48:40-07:00,3,5
contact\index.html,14,html,d9ac892d,mkalsi13,2025-10-03,22:48:40,-07:00,2025-10-03T22:48:40-07:00,4,5
contact\index.html,15,html,305162fc,mkalsi13,2025-10-10,22:27:35,-07:00,2025-10-10T22:27:35-07:00,4,52
contact\index.html,16,html,d9ac892d,mkalsi13,2025-10-03,22:48:40,-07:00,2025-10-03T22:48:40-07:00,3,6
contact\index.html,17,html,d9ac892d,mkalsi13,2025-10-03,22:48:40,-07:00,2025-10-03T22:48:40-07:00,3,5
contact\index.html,18,html,d9ac892d,mkalsi13,2025-10-03,22:48:40,-07:00,2025-10-03T22:48:40-07:00,4,5
contact\index.html,19,html,d9ac892d,mkalsi13,2025-10-03,22:48:40,-07:00,2025-10-03T22:48:40-07:00,4,29
contact\index.html,20,html,d9ac892d,mkalsi13,2025-10-03,22:48:40,-07:00,2025-10-03T22:48:40-07:00,0,0
contact\index.html,21,html,d9ac892d,mkalsi13,2025-10-03,22:48:40,-07:00,2025-10-03T22:48:40-07:00,0,59
contact\index.html,22,html,d9ac892d,mkalsi13,2025-10-03,22:48:40,-07:00,2025-10-03T22:48:40-07:00,3,6
contact\index.html,23,html,d9ac892d,mkalsi13,2025-10-03,22:48:40,-07:00,2025-10-03T22:48:40-07:00,3,19
contact\index.html,24,html,d9ac892d,mkalsi13,2025-10-03,22:48:40,-07:00,2025-10-03T22:48:40-07:00,2,5
contact\index.html,25,html,d9ac892d,mkalsi13,2025-10-03,22:48:40,-07:00,2025-10-03T22:48:40-07:00,1,5
contact\index.html,26,html,bbf03db7,mkalsi13,2025-10-17,23:03:31,-07:00,2025-10-17T23:03:31-07:00,0,0
contact\index.html,27,html,bbf03db7,mkalsi13,2025-10-17,23:03:31,-07:00,2025-10-17T23:03:31-07:00,1,48
contact\index.html,28,html,d9ac892d,mkalsi13,2025-10-03,22:48:40,-07:00,2025-10-03T22:48:40-07:00,0,5
contact\index.html,29,html,d9ac892d,mkalsi13,2025-10-03,22:48:40,-07:00,2025-10-03T22:48:40-07:00,0,5
